id,argument_id,claim_id
004c4f4718c3cc9ef87a1bbe372f4de312ebe63a60996cbb719a52202fbcd255,6053c994e089371316be35bf66f83f9fc40b545367be448bf21139ebc9774914,afeb546997bb2b9ecf632ae3d41644e3df3a76659e24c65fd0d8ff99242e3047
00759ed1a1c4efc97c23b3a20b2dc6f5441969ae2cebcc67e796425b1e5c9de5,b441be6064f2757560504a697483eed401a9a515ddd7d2237ab75c48b0b92677,30306aa4103cc8645c8f66042b9ba59ecdcd1207fd109cf398b90eab32fca01d
0185791d8ed380f34067f5d8096c99311b5e95dadd9fbd3ca5e4a1d195ca1b36,247c9170d50638364783bab06463fa8272d9ed2b207c482b0ae07f3e1cead888,24e330432d3a326b188603c285d596cb5c441958df850835001726c0d98aa6be
0290ea1538179b103e794577b228abfa4f7579edefd9f40d80300f4b193a901c,53d957b84a8b002ef8d2087cc6312813c729d6c249dcd3c9f1674998bbabf590,c61c4ac28a11056ab51770a9acd4fdefff6899366b3ca62cc03ced65345c8c24
03134f56638b03abfb62d51300bac9242d61f35a5b7bc611a4234b23bf040e74,97edede5056002b9dc35e1a9bfa4bdb57285492c2c09162c2976fedc4ca2a832,a6a7fc1b3128519835118b022e36d8404240bd2e4cd2a98a2e1ec5386e8c2222
032d21cb860750bccfa6005e63d1b21ee72240967306e34a1f89d217c9819f10,e484e7b88c76412ad5ca9877571b762a7fc7498e964a6e288d379c7df67daa4a,17f87d2eddc207dd03aa829f8a940076f27fc291271eca1a65317435e1203de5
04010c5f8ccc42f85a6978305f9fb24db1dcce6cc754791afdf6c5a458b9fab6,27ec9cd6ad568816781bdc0b7ecdc233aa343fe12de0f251fbf21dd837875984,f5e35181e0eb23623be1883f2257a62fa102c7c40204e44534ad1a66a2a93785
057928d4920041b48ec6bead6fc5993f4597b043b321b9f8656be2e8115dee4e,2c4079885d18f31bc38ee08bc9ba2d6a22def960db7d3be5a66c3094b0117ac6,5952ee8dc09e0f8853ae6d0216cb681f57238f77060e40cabcabe50ca3b67057
05a6c43d70f9585cba94c60420ac03a7c5f7552ec09ee82603915e1036b90635,0c1a7b96306ed14caf9c2b7516d9504ba8a4800291227d1a4cccc606b6833d0d,744763d833d64b75695a85cb6589eda8a9d963bef78f2af3eff137a205542672
0626a2d2f5290d421ea78ad6179ab857f016d91800779e971b73ecb36f75fd33,0f1830eec8f9acac74c159e62d61bb7269656371fd043cbc86bd7595d6f91c79,2c3936eef158625442f1ff400c5ddb534d9c9ce2e05b24dae2a09f068531bca5
08d441df22f5a3b5eaff70c002dbd87ef55dc3b90ec478b77f7a90d5119d1ad4,8e500960b46821714f53f63d7cebf9e1ea82d5eb09d65fd37f00233dd81ffae3,98a5f5204c8e5b91d834dd9b474a941715d5b707376f11c0037449978121eaed
0913fc80d7ba4fdc7c7803ee66b689bf108e368f43cc18c1abcbddd44361f02e,2b11ed81631003a11852fb47648f886b93fb4196e35b8f2c2d59a5f385c3d5bb,3c1315058d013cdc77d355ed8fb18e28392cd8dc8ebd487442cbc0eda68ab83c
0d5181e1c0e203f68e6af40b0173efa578b8bb81f3f4f6873ffefb83d8d8f05c,3b2b907e362254f40e090ad0b903e71c91da1c4750e584761965d27feb8b3619,80ff59217a93bcfa961cec57865b1e47bf847aca9abaf5e3ddba41f8aadbd012
0d9f97783870454d823eb48f7815c93a1ce39b2487eceb98c895016b8d85c005,689fbfcf018bc9bc2896a3a6a36c60a6b937fcbe038227c43ea149ee23ac768f,88f58d0968bb92749e6bd90810d38476e83f216c74e37e9d1ca0e0a0d8b05ee5
0ef384baf953e6465ceb270453f128c95fc6723782856cee66fb7178c8c2f892,56ba03d5fe003f6dd739bcc2d5bed1f49c3a8f1d7e1283e6036d06e2c8b878b1,af1387574298d6d3e443ab2c5acace50e1bbd7ac96c4c1b3c2f9e134a326f7d7
0f43c86fc3664cb8c7eebb20be48a8eac780cf63b00b8d4c0cedcb7d9f4a0c44,eed95c230273b4e6e7dd8d1a76f9cb66660b8bc8d18d987db4920c61456a7756,2aa617d88a6a7c233ce745a57b114b7c3d0b5592be06de7578a0421c52d3ae3b
10435542bd5a5ccd1cb0720634e4060587dd8142e892dd9f6e3f734397d65a5e,7b55c999b8ef4a14f71f1b0519a142802b3b4407ec3f7fe309c6e79109d3107c,cad53d0139fa1752a3990f57f00878368df1c12a70b2e5a380ad807c61564540
1148a4f8a716acf617403d854c04ac349b62d523bbfd15d22da341378d0abbf7,898d185accae66cb0cb7d529e80491800d8b7b546b5baa6f49e8a1ea0740e2a8,02d02e524de213a595e33941ceb1b013614d70c7b5bac70c723ec07edefbd527
1174b70541d4cc3b6fcca23dbe8ef5a960b53be44e286c0d817d93922e3f5211,3b2b907e362254f40e090ad0b903e71c91da1c4750e584761965d27feb8b3619,e5a7976950029c5670d113eea4a54c1e4a498b2b35807ed86bc6f40e65e1e4fc
11e3401ebbd376046164058d105ecdf91e2936324806ddcc6e883bc6fb362b5e,415cb3de5e170e56809235cf9e26ed90e7900ca6d9be35a8aabd6c2f52858cbf,4f56d82d7c2a99bddb766d4ef11d617cc6daf844fb05c2cb407a1b02cb29a1f8
122aacb5ecae8550c38569023ba984fa9a7216430859785651c44d21062b1991,4a9510d578c2cf5aee5fce73f5d12c1637928c2ccb867ce24478be2ac645ebfe,60c8e77ac893972226ab6f5f4548bfccd2faff3778e138f34afaebf6c3adc7fb
1335c3e4f32d6e972389a4718518efca00508593f3d7328aa01f522f9b535ead,1e863f028bffb866f47262867547676a376b17bf23967eb3332bbcc19563ebcd,7fe21d72b7caa240a9271e149da9366dc785f423ae1a0de5737ac72e4220c587
13fb8b3df33a2a704f93d1c2a7c6d2ae1ec6342737ca69b2846a9cc6e3c094d7,58dfda629749f7e5a31dacec6f8903e8a3896ba73db1c88e074626b8d7035771,4cf1bedbd10c319af5b8b12c380fbdac27ba41f287bc3af04d9266506415d743
1432ff43cd50aab93968458f36a48a0bf8811cd5f82e83d6f9f8b4229390c257,c0be4b52731899ba42e28f784b96bfb2e3b17cdef413b1ba17708ba80964f985,de5106391b3b70e8ec7c8553feccc3c2c6aed302f674a410d3ac5d8990fbd82f
152dd99f2513548ef5907dcbdff8d1751a7395771c126756e30d5240b0838eac,2bfa7159d1e3e447c1e037beb0525552f07ebd0794789e42d4a2c63308fb02b2,559ffedb517d9bca287e7e604b0df51d057da5818817166d8acd1993e02501c8
15e7710092bcbf05dbfefbfa393a4dee2b0e0469eb662b064b84a7cd0c2f7323,56ba03d5fe003f6dd739bcc2d5bed1f49c3a8f1d7e1283e6036d06e2c8b878b1,ae33e8419c4aa9a17f81fad1d6a2a5b0900bd7434f3f4cd58bf6f7c7e09b8cc6
16508cae3bee68d72ccf6b5421079d417200f61b06278d689f4a9f046a1233b7,bf00d03bc7e69b3dfd92ef6c37ae676ba9958f6bed7971b6c4efece791441973,5c058238b972594152f3350ed59f1cb53df97aaf85cab298aa1f07b857890514
1693c0169512b88f1511c35c7457d47a4b12c448a7d60d5e7528701ba2fa6b84,66c2f94f9cedfe132d1ebfea614ac66fd3e2762fbb01242597e61a84f2181b8c,7d637f76877d6dcb4c5e2a8080c011cf83a9d46aa9b0bc24e507e7a39080cf1c
17fdffa4950c1d7fd5a5e1b630ad4f1fffc1a97f4c23bf0c29bdcdf0deeccafc,e08d9512c114c92e4c7a08ef991554b5ad44ce6b8653064fd92979f1cc5370c2,f0aef327a92fed4eb1d9fd9d0e9ca20ec6dcfadbb5e3122640ac801168e31ca1
1a3884bdab45602511799229f0e498c6450f1520223a3a5c5fbce4e83100e46f,2d1ab980a15385aaaac2934d73fb01b3618b97653dac4bce3a62a46d61f197a5,06354699c30ae120754f6d53762ba021b3332c75f00e28e7e1b347a7f431567d
1a625731580d037447720ef768684d3549e4a3205fecedac68f7d3b8399d0516,4dcfb3f793590cc7c24ae277ff7e37b401ff5c96768de481ce5aacb8e26235d4,6437f87f35777fc6ac1c23f9d22c3baa634756c0dc37d5dc471f4904c11cd0b8
1a8df9b42988d05bf2f0d08784cb3f51281ed985891012e2063357660cefadd2,09fa99e982762ca8b3001d13d134a88dce069f9e9d980ed8423fbc73b4610177,e5370f627776ca9376be544955370bd7b93ad59fde392f6dcfacce1ae1f9ec51
1abcc82445f99d08959a6a1d248c3d874b77a5b741139c762d7a7906c1abdea5,d1a57d57183beabcd2271310afab6833b81e153a30d09c25bfcea54053c643a2,96cc2542ef801b4c1492fe03639b127cfab807e5678daa726c1228a4ec910f38
1afa129f51030a2dc55e5734f4b3df86b34d90e6eca14f4859d8220deadbadfc,8da25861475ab75948729fc49a0a3a2822a8bb9bb10d108b7f8623c5f9b40cdf,aa5c91c0edf98ab0248cf60601796c2ccba4fe301b61c981bd3bbe84e0e27a32
1b17be1459dd98320d1a1a92ef0a3b1662d62986c93afb7d86054f1ad8cdae40,500a5190aa74b064b715b9b7e815295718adc564ba0b3d57d6de9690a4e53388,56bd4a7e3b9dffaa92076a7eaafeef832950633c562ae04b08340e896e65f192
1cdb395a4a7e3d0ed0ba5930d090ce8b417358d3a11dfff532d1c1619ecd6a50,80553531215b14650b500235dd6307a3c18ad0a1c417c52edcb22d3c43e28105,e153081c27401053381913ec8b43761d6630bc3d0066b13ec4b3f895df56d570
1ea3c83bdd9ebf3f2b9311e6e340eedbc61c0c330ff0110eb98220f65cf4c814,37b2de162d643763b9eafb938d0645efc3dfcd735b4f73dcdabd12a2e02ad89c,0af4dab17c41f1da488c638a9b28958dc350a9ef60bf11999b93986cd60a3c18
209693ace1bd3970c87d9001246c7079a4505ea57305ef9d6f7db309fe570a41,932c8dd6de131ea56a8d86f395d29623fffafa1e47c2c253ae6f6495e4911022,bfd1a89c28d4b4235e7a62f07cc96477260a22d2d0b310a0abbafafde31c1baf
21b0d810b3844e12c941c37d1b00b58348b8cbc3ee5fc5cfa7dd7734e6d456a2,128ecbe518c070e71b443cbf7fd12bd0d8744d2b238ace7f8dc8dfb6555e8a51,f27745c836350cf21b173f670aee84e284a81bb57289fdc61b7c4378c530c3e6
22603d5f8bab87d47a96514c069ed9fe856c0cc8331b1c0a26e28d505461e590,4dcfb3f793590cc7c24ae277ff7e37b401ff5c96768de481ce5aacb8e26235d4,c73e83e1c25f05b670a891ed0af07e3702744c6bc0f440b0a18956e3bf25509d
2287c1c961583d685baf7aba3c1688c56d1f0aea0daa5f8f8002174de0826344,71688960500c1536ab371a8c71ba34fb6a1b34d72e64f22dd3412dc04780ff80,461b146a942536ab35d6348888bf65d2f17a2082a955a8719f11da88208902d0
2451a1ecf89cf4bdc371d59985ecce0c689d5bf7c6690f8176db8899cb1a3ff4,6f59c216fb2a0f3ec5ac9186c6ca54cd602a965ed2deacdff65ddfe9743c5061,0af7f50e278e37d370c02e3bfb8452da4673bc596c5191fac4ca773c217fd527
247d51e62931ce2fe255b959f39797044919c7a5f7f0a313a8d39108cf7d2b65,1e852a55266d8f7102ba8346555dba5e7b4cede587d948d10e24042bafa99995,ce47cde1848b34d466a470e96ae2776eff7e32726b5e2ff1a924a59ad67a9d8c
2767add7b803d06cabe63dc0c95fdf2f2d50b7ef0713e8be810269095d5868c5,e466e3fb85541aa858af4e46f89e109e80fffb7f1802ba87dfc15a2c2da0a5a4,9c84413819bd86ddc9039681aadac6accbaab709a3fc7321c95094565b52a263
280ede392b9a54580d6fdcfbca44b28ef9f8c66413af2f467a623459b1acd884,a96cc93d110dd51a8180cd5f056d56b972539c9053dd5c43ac5f050ab8a332a5,a29c641fa9612ee81c5776327eae70f95e942e24a086a85b185b5c10f6f0090b
2888d1c85682f3cd97ceb5cc56b6746fea1ab716ed837c005b955f66da7e9bd3,de76899ddf820e4037612329583e3538dc21d67ccedc4579b31f1a2e7c38bd52,f04a1939b534716f5b26c9bd32395ab0d14484956d3b001ebc1f1bf9ca70e148
29627454496b061607a51b9394121d18446759c6a58781254815914cb64a78dc,8f5c738a53acbf6b4ce0dbe7c23f3d7617db4261c9e8baf6cc0c382ea16b8827,ab771468085b748024155dd626940265e062942598c155ad81b8e89244f8c807
2a2cd7f969bcf38e67176f70052e1b71edf63d63e7604b22d58b67e784a4cec6,275c5ffada7e9ddb670ecb84236040ac363496035197f547191ad61e321007ca,d8d5199323e0784a64d2ebf5d3c59e341e0e8f1c7ec4eea7caf4d3552c67d2ea
2ac9b8a538b6e53182c1aba32836864eb093ae3410fcfbdf188cff3438cee93b,1d33f1d716e741fc02afec4df37d68837af8ec2d2b16d284540cc0fcd71c894e,b165459a02ad594f6b794a2615e7990674947a93831d8954fa9224bcacdb1200
2b50242e312c53adc63fb6b529dc41d72c2e778bad76c91ba9c925aed6bb6ed3,80553531215b14650b500235dd6307a3c18ad0a1c417c52edcb22d3c43e28105,8146b442792571fd002976c9af043d847dcb052b45f52f1abf5ab1b25967ea26
2be29322ab42cb5ac1cd73d4b1c6b6f92f9bb9514830204b1405036b1e94432e,96d2b8e0bd59a1cc95aed6821a5957eded6a57874a0a31e2b090cec0ae765a71,88a938a679c7418245b02e05194844d8093b79534a0f7d66f611b145e454e383
2e85865b8d732abc321814f7930255fd962820319af61ab8aa3e43fd0bd973ba,50a7f3725fd40278353c2f95362b92bf9b390c8636533fbf09bbccfeebab6d7f,cc98eb9a76397f67af5b47cc3d9fcd9dd171e512674c8409f5f0f148f6e4e325
3009832802b72e030e5f913a2c5ee35aee9e810c1b05d03969a48e17ed7c718d,0cdedd0e4e20e4afb6abc086b32ab57f1821ecc3248e0f8bf88b2693d7a4a03c,7722e21b4aecc72d0ad0529bfacf3a562d30e7d86666e3959dab5e6f02ea0e96
3150ed582741c9d2ff21aa333b7d779dfbddcfadbf58257fd987def1f7a14c25,8589ac04a81edc015f148d8e8329a5b997591b8db4e80834b05a9551683d2b1e,dc29a3ff755694afe473c870ad21154bf938b8db5dfda4aee6e98f204ec6be8e
325b642a3a6d8723ae577ec05d24111fba6432db675071e93d7e11dfe8310393,d337eb4d1f0781ac7b2cfac05b11e86e861e142651ee500ba6ed1c61017805c0,2c5b187e31724b49518bf838ca8ab857eef99e1c8c93d0d5e7023a38acc1729a
327e9ce472e7b20a446340b4e851df09d4a66ad21a91e8ccbf6729f256fb318c,123144b196f589c0013cab6b1e0c64377b86ce0ea4a001b28080cf37d4b598e1,4a431c4e0b9eca1e5eb2db7ce7dc88a3f92579b59f97f86c4cfbaf540879b002
3497a7c2f60edc4d5ca23da9b5ad7efd80be6495b3f873f616bcf5cc900ef2c3,0af5218185d5c51afb15f5768ae728b8b479a418316d418cae469f9733ea4e90,a566ab48de3954d06992385917958de2d2585217501c1a896c8fd84f7378caf9
354d057e92dab5d42bc37cc7dfe5109a12bdb2cb7391dda90a3950edd43d3335,0d515b25cbed66cbdf07d8def3fa9e3bdcdc147972370e754cf83026e8459b41,1a7f880f84f2cde14d94273304514d0d740b8a9ed515fcd019d9cf584dff2c34
360b4421884cd6f0fbed927ed4b1c6dc117c72733ebfac28f157e8991d60451b,48e0efa2ab6126108044e1d8cd05c3bb140fb114299364f92c9b1de713961448,e92f821d0e89c67b7dd33640b14a72f7fe1703b1bb78e9b1aed87936469510f5
366b42a0a9cb9cb757c7b4bdf181db0c1075b191a0444167223cb1ca0fc2228c,1ea2f4550a39dec97bf4a1cdc20dbaeb7ac3d4bfb872dea78ec2bbf95c043cd9,abff28bdf2be8c563ad739b562e7133b7647ad3a97995322bc5db4aac29b2049
3716d428084744fa8b7b9f9b1d271391ad0ffdcae64cc6c62255f4e25fe5f8f6,c60683738233c89567bfb1827d174f35b551bec018bfe70d8ee713f1a1aca0cf,d5289f72b10e1dba89ea827726fd91adcb4b403460bca441d6f8f49379aef7ab
372413c42bbeb35eb59c39e7969e9bd45806c47c9ae69da12da58b7b0eb44792,798fb89697bb5f5b18902a8de8829fb74c4fd5014ae06307ab03a3794fe5282f,a6fce268b03fc0c09b637d8f48a1aa0175bb9a67800267eb47749fbabe5c5b71
3766902e013f6542c702d80e43daf152a4fc4c3a01fe176168da3872b6aae96b,cd2f733bde0e7d5e2ab1986c8b29ce189d57b395311bf81a8e2bb1635a4a6c71,c73e83e1c25f05b670a891ed0af07e3702744c6bc0f440b0a18956e3bf25509d
387dd72709d851c6397642fa284f07a95718aaaa232b3d7f9a25612614e774b9,b5d8907ee08008310c746a25ed0b9e259dc13d7d413b2aecf961754374c0f04f,5b1b7d6107c33b9e296de19e700ad6cb7be7e307db34c5b281bb00be13d0a08d
3966db5ec26ae5e87b2d86eae9cbfcba02afb15cad1ad71d5fffec9223ce01c4,500a5190aa74b064b715b9b7e815295718adc564ba0b3d57d6de9690a4e53388,5863f816995c5b80496fe7edce63f2b7eb0d232e0099f06f8bc9bd873ddb89b5
3ad3c4ee3f5a0b6e961c1970c02d5fe95a830301d6624128a254f846aaab1d25,bb51f92a25406c61bc1e1ef6e02b9879ff52ae1bbe3873aec22fadefb6234dad,56ddb56091d074caf4760a301d4fa89fe0ed7e1f655aaaac705d2742b7ff9590
3b44965e3bcd03831e1aebdeb5363d79688eb5c2d388079e5d8da2d397d03f69,115ab0bfc8d86ae56be93177597192e37cb790449ac5869625fb4389a96b3806,72d52b55fd5b8bb66bf8b8bca1207a920d5ebf2686ab6eef083b6c6ede19b7bf
3b566a51e9b5f70b10ffae3fa7e8430e312a1b02b86baab6eb7a86505afba24a,411a3043d911949e09d538d82cb8a7dc820debe9f232fcab61879ab20832fd20,b9cf0da212d5c14f819b3697f3fb1f96b51f4a84333caed05a793c0ee19bf1c3
3bef70a6b5f59665122178851be73fd9dd5dbec9c32f3e5d090489d1056efdc5,3f298543e6391e24d681cb387f87899350f6618314aad72e71817f2be3a8e89f,5e18cb8aae456c8003520eb9dd56543efa9eb01a8da53da6e52160849f238441
3c50cc2349123705e38d48794922f6c740baf2b8e53e9c389182ba093dec841c,1430fa6c30559ed49765eea8072162052fcca31d84a8185279ba14d07e6f2e2a,d276326d4e501bd2375f9302ba0c41d09a1cc52c5d81d6324ed5fc5e529e022c
3c9766be133c4f54b11906d7ce40c295dd9c66bdc1bcdb9807592967b1977594,a4f0668137853c95c9ba49a744f8c478ccc7e42964fa15a59ed3d228f02b193c,aae96b41589a8fe9faddc12f8f4ea22d8e4c47972eccad8fd345f2b5565d216d
3ca6e7b86cf3f69af8b1a2d16ac518a7ceddc96ee728499fd8a2fd8b297fc109,c97db77978b8d48896b6c12ae4214009f9332ef024674d06c0fb736e344c650c,2e8a47157bae5a3d3fbe369465e3b9854333fcc52a283682ee7f37863534d805
3ec395cadfcabce2ac49fe426b6552b98d22fd31fdb19c8abbcbed1e06fb0140,19afe3f33aa3e450d9a9480b9fa63985b1eeac3050fc1e5e9be989cf71a8094d,5f56d6cf3efc86f2a9fef7e67cb680c155c81d2a323588e96585bf292ab63257
406ef8c60cff2d1a068b7ca9f7b934df28343b35d6cba95b01cce4ec3b75d325,a4f0668137853c95c9ba49a744f8c478ccc7e42964fa15a59ed3d228f02b193c,921c6ae63f19d92fd4aba60378d4e3536746ed0f9b36ceaf4ab92e76d298e611
40a5afb86b5595ef19f5442ef202e2ee47bf8c301bfa4744fbafa4c35ef5d6c3,f17eaa5b5e037eeffd62b5fd8c90db5b7d08f9690a47e36c9aacfa592d33224a,bc5c870495c67dcd299dc30a5f89c45d981e7ba11ed560aeb922f34ba912afc8
40f4f4efa84d191e19c0b1a1f8e37d610e61145b370d48e081c103dbc95198e8,276e97549a5208d5167562ae7d713fc56230acbd3eaa522120ec30a88e61e150,8ca9c3336e544172305e6ddd9eab183567b74a8dfba8dd6c03e3e9b0a8d667ef
41b143c89244efb2fbe3f3432bb65c40a8fd9b5cc036df9ee0c880f841196469,be89b36a5280d2eb7b807749c8c83ea31564fc63e70e9331f5e5b56c24f96837,0071fd19d029f3390af00613bac8aa0028b7bc440c336a980192dff444f8153a
42a1c1a9c78c32309ddeac817b4247983c8347a5be2600e2690914a2aa9b3c1e,902686b71dee40b6cf806ac37fcfbcb806e73911a91ce3aad029731f4a7eb494,9543ab1cead7c246c36b101430ce9a3e4b93bc52cd90fe46f7d7adba11ed0791
4335ab898d023a803f3471fac039b4627e9035434f17d5ddce3f381811d2202e,8cdadaad82c8b297afe06b7771bfd9796046ca158dba064d1375e9bf29592c76,59efb0ae66973a712af099fc359ee1977cf9d95cb4fced83291018439e778681
436b67510f397693853067ef6867b51e36336be10915707b91cbd5696b771cd1,f2e09c416aa25ad283c9e30608fce3b9e4f9fe3920084982d3077f18408aa4f3,da01817242fd889840c4a32bb668518a4e0156200be376b6ebfe511f30c05b54
43bc8bb4da21ae0ab55d8cf3466014b483a5fb502ee2ad27e1a5f34cd791ea69,428170dfed7ce33a91256bfb2631c6dc2bba382bbcdf81adad69dbdc15086abe,3cc39e3db5cdad3fc6567483776e3a319630f66c694de1fb2020533dfc0f82e7
43d4deeb4bea5862a6c77e2bdc227942dc8235ca65338fb4fca357e9e52fd160,f1f0af0e71ac76fe1815d9cb7560d63f1fa85ac607a273da5bc6bd0e762241e4,75f3ae87088cc615ae75d927789c84c41d42aa9cdf6ab69b12af7ebbfea25a29
43ed587222262a3570b6683637de009f135dc389af9f1d991499eb65b8f6755e,3a33556c026ecfee05bd1282bc9d0500750cca6ed0883e992980bc4fe8a808dc,965f8bb8b0e7dc651dd2e0939793da399dda063dc415a91c4968903501fa0745
43f66cbca0956e45133145fbbd0adbe67ba4a3fa7fa2cb9e6dda1126c31cee3c,48e0efa2ab6126108044e1d8cd05c3bb140fb114299364f92c9b1de713961448,1797c09e1b7ef26bde541d3f3454d842394105af7fd215d4863cebf98091f5a3
4412d09d98f6322d0fb02674069effe363e9cfd183dd40e461aba161568558d1,ffa8528f4e31866596ae5a939ee05d7a838e5788dcbb383ce4c31ce61cf1ba6c,67b7ff92f69b37a4a4e8908900349962a8b11581ed8c5c707f05ada5ce54cf12
45eebf7b25eeeb8a8aa13d2bcf2ef8791a89f4e1e44af3d8a33a2ba7b562b416,c60683738233c89567bfb1827d174f35b551bec018bfe70d8ee713f1a1aca0cf,bb700d756dd2ac02523b88647999cb942d9a2249dca6d9be218b436bbf76a466
4626b61bd137df8b4dd1c74ed3acb8303a7507880fa072516e44ad016ab5c16b,d2910c07683ad815fff09e3dce3b9887f28bfb75e8297a9da326a4ff544c7f86,beefbaae41d1cb5646db97ecc0d62d5053e06e698b999e6d4d81c7d21d7854be
475f68e86c4ef65b08886395e4915df4cb92ee916c186e80f6a05e4fbadbc81d,66c2f94f9cedfe132d1ebfea614ac66fd3e2762fbb01242597e61a84f2181b8c,0ace702643e382d35b5a18b20136b1cb201d2e3168caf3042452a4214fed5f82
479d62586c0996dd1373bc8b9c2f9d52a7194e05699acca0c3b816c738181921,9576ebd65c7a8e0dbbd9579717e3e79f11835812574435015fc32e47e9c29a33,e6948c62dadb77f1c8e0e07bae93fefc7764b67105d2de7bbb0ae286b3ff477e
48cee045b8bb896b34d3609dab38696da4fff32d249b4fbbbe940b84900ea561,f355e2aba22372442141dbea23fdfc3819038ce275524fcb85fbc26229384339,c91a84b67fa0ebc7d3ed3306039db3ff3aa36fd0447bccefd72fb433b7759dcb
4a647804977570117ee7f6ff359334e4177e8f9dd842fa311602f16752dd470d,6ad0288117d4d8db097fd15d324cdaebd483afb85bae27d35ccde3a4d1bc279b,6881318dc156882298af027d229d4d5144bd34670d012203a18baf9ec6256cff
4ad1ba6bb5049412206af13f81ae9ce53dc4c9a8b27029c4cb9c46a666e3cd4d,93dd3a7c2da2288976ce6a70390f483556a87c7124f772aabcfd2e7651fea22e,7b9e9fc3f7b11be91a35374da76ecde7c48d7826d3cb87138913dfd6270f2901
4c603ee8b7846ddaef0f7b0ec62c0eba50ba76055b413ad1d842d2407c856996,1bd013cf8cd1e8da19ac47c6e8be37e0d76f204ca9d3d28346c9988cfa9773d1,544a4743040476824da07b834fbb8fc0ecc9505a8d0b2700be88dd261b09bd02
4c7b4b7a5be0bbcf05d497bb4905cd0e1ba21f4a1bae2a0daac4d49daf4e7035,0af5218185d5c51afb15f5768ae728b8b479a418316d418cae469f9733ea4e90,e4d450badd1921b04f54eda59f2b1eb33b58dd8eb6633b51c2416d073b3af536
4d05bfd175e5cb2b37ab32f3c5b601bfefc67fcd980e59591f341fe5f5bca7b7,a4f0668137853c95c9ba49a744f8c478ccc7e42964fa15a59ed3d228f02b193c,c0171d6efa35fe14b5f31691ac8f0073275577962a367c24f7690ed67ac61c27
4dd3fe3943f1002a7e10f428be2cada8c3515e9aea88cd74fffff734684649ec,6266525e0f5f23cf71b78232a8231300da2e9059c414fa0da5591ff0b4ffedee,78b7aafb032ad7bfae5d40aec608a5c227515b507c2270487698854bba8166a9
4e0bd9c2a8779afeffb584c30306310459df46b7c819d875cd180c62a1e291e6,941e13c3e86b5462eac9f05ad6b4d2fe3bb16e7ab7250555b159acb1d33e79c1,730c149e3953cec2d9f20046a35d46d968b403181b540321cfacb79538ed06dd
4f0c521e96d06593c1a183dc6f0b5a3302e1d1aea77af7ae3eda58f44c6664c5,80553531215b14650b500235dd6307a3c18ad0a1c417c52edcb22d3c43e28105,175a681a3866696b43a017bfbf81c9e31e316d5fb00e57ff9a7ee80a77b985bd
4f2bad03746ffd5eb43423ba07923e471c3dbe225e8c24362edeee6d5590f106,de76899ddf820e4037612329583e3538dc21d67ccedc4579b31f1a2e7c38bd52,6a4686ba9df4a33bf4f03474ed545766d347b3b8f6612e0c4fbbb97e5a5caa5d
4f64102f8bc7e8fedaac030f03c354e2ec630743472ef0412521cab791edaead,c0785bf374fe9aeaa3475a0a0801e4ba7b2d5ff39b9f82b766765ed3bac6c750,4ad640f0f17477109ead45e4ec074174dba7b50b5d0ce8c7e955413e5d716193
51db0761fb6c7fcdf9384f3522b854c1938b1b38b1eb9b77dde1666ad8b7167c,7e5e41c3da38f7a76659bf2f0aa36104b40f0ccc193ba58d6600149f36c30522,263d400183c170db8e09a7e951e01cf8759d643ce5aaca1d4b61de2e757fabae
5543581f00ec652e0ecd13bfedd4a67549d297caeac1389b747bf33bba1747db,c97db77978b8d48896b6c12ae4214009f9332ef024674d06c0fb736e344c650c,bfc36fee7485ed37f1d258071fd28768068642fa35a0901f0a69376632ae86f8
5618b3032571163967c651ecc761f50e19753877af3446cc7d58fb9345780591,a4f0668137853c95c9ba49a744f8c478ccc7e42964fa15a59ed3d228f02b193c,4c7ce7afb0619b7ba7efa00a47b87de994314337e20835b5a8e7846aa611e781
56739d0c163c081cd497890b846c47e0932c29c40b26cd38ef415ef5e75f5924,1a1e61a5492452838a5ec3cc9260f718aa05817785c8386e4d07f0f30dfbfbb5,f6eb37c25e9aa89ee60a496de3e9fd4be9aa1c5c302228133d452c9ff221c157
567852d171f7e238a00602b2fa9c157596c348cc2c615661fce4e40075067819,ea410e41b5053bd8b990613868cc809497291564e318a108f4e5fe60f7ac6fe8,7c9c8b6f1a6323f56645071a2cfde3e5b3e1ffbe8550843620978048a9a19e84
57a70fd7517e417c13e1d802348d0bc7c31ac137e798797183a6fd14765b3bf1,3ac270d7cd441afe2db7230a80e072f1642bf79070045733f052f23f7f1fae96,9a9e1f44dd4bf7f7bd0ffed9bf785a38a450ed8ceba1185e348ce158f5982806
5878780f0151a96e234538d9d50415cd09cb336167ef9768bb6c28d0f959d5eb,ad103a6de9a5b1273aa1257f229717e804e602f3fe403f8dfb4612f47b2244a3,a11115e2643fd7d692666b229ed84fcc1e383f4bdd8255338c18eaa73a6efef1
58a49e4cb8b87d4ef34efd9033347e2a926e2b128b62c6e9902701a747fbc61c,ad103a6de9a5b1273aa1257f229717e804e602f3fe403f8dfb4612f47b2244a3,80d9f39ea9c9fe53c6924688c312558ef251dbe099750a75f9dad15e686028db
591979de92eba29791c051d06bafa2f99be680abba53ab92e1cd6d39e2b76bf0,ebb6e5258a7e55a8db60016d58fb94c5c5946aaa3c2888d68237bf28e3e2a8a8,792d9c77681ebd39ee575bc0d8bd2cfc8d279e38adba8b6c5f268621ce0427c4
5b17bbfd2038cb7468d36c68802f0eaf9597056fe98186a110ed97b8c8c15b5e,e792f91a11a8cd72e8c84f61ff6c11908dd52dcb5c4f7756ce409c0142234d2b,929a2fb0033e72ef96bec847201b64e249ea1d39f000d4980e41a74439051f83
5ba8cba3eaa95354ab64398b5ae7d2b32da0414fc8e529b4419dfa021436d611,eed95c230273b4e6e7dd8d1a76f9cb66660b8bc8d18d987db4920c61456a7756,b1ccbd1fe7b8f5f4c8328cb13576cfbbadbcc3eeb13e7d478701d1fb874df321
5c1f294b6940279395a336b4d46c963ffbaf617f242b7ad2c9d21b0928de8a77,276e97549a5208d5167562ae7d713fc56230acbd3eaa522120ec30a88e61e150,4e028c06a8fe53ba451cd10e0607c5f6c61c35fb2fc963f62a55e6f47e9a1949
5cacb963da78874d138f54fe8b73468b0fe98573acabe587b974635ad751de13,423359a8d900752afce76d21adb81dd8a9167e53c6f6944a44e611c417af3b51,9e6fa10f9b6b411a0cbdf5ad44ec57fa5b56745d2ba964dd50b8f5982b0dfbe9
5dcbd42dfe86f23d004b3f0f29adfbcf27457024b995672c8a667ee72d102539,18ad1786850e012ca235bb99a47cba3787d29300fb5fad497e444e0ccc42af8b,3b1790d144200496d83a0bd7ee049ba4d6f8a2e3ff68ef81f7a6f1b97404b18b
5f73c43ff94fbe6ba840e4440c233157491ea17c494c485b21b8f188caa34ca0,d3ebc445c8a67490e3f9e91448f18170aa6c61304c1941d608c40ffa1290b1ca,355fd73c28f4a1497b49466d743ad70fd2775699b9162727feaa160017fd14c6
6155563f1a581369b18b2574c7dcd49e2d6454789bbcb49f95e02d01369cf00b,ae2e2039624943fc309b61b382f21a34b2b1102640835822242488603c53a64e,dd434214eb2c8a8a1307398104b422c96fc59bbb8e2322df416c39c014021124
61d7f6ba4d50032b621e325b6af6e49c8a92c05fc6c5a7544d374ca99235158f,ffa8528f4e31866596ae5a939ee05d7a838e5788dcbb383ce4c31ce61cf1ba6c,dc08d90e228404ba5826ab538fb98d61aee6f159f0601b77ef5cce6b9393094d
61e50cd126f79a592eb81d11324111936327d6a385ecb5a2079784562a6dc4e1,4dcfb3f793590cc7c24ae277ff7e37b401ff5c96768de481ce5aacb8e26235d4,163ef3dc13fc303268ba8763b1b1ca3f6feac4ab860c0d93fda2a12fc9f9e685
62a92b2b807e05f6331789e32d922d37d011a7eff3070e76969ca9167269b878,872904b2fd4118b6fc1465d3f1cc6e69e8b0125a58b8a2fcfdada094fe3a35e2,4d9f79abd5789be0a0bd5bb0a29f363918abf9437306994b2307f6ac60c9caa0
65f99dc76c6c9ec6bdbe29067013b57db1be244115059444d4f3047a44f4d2b0,91cda61befe42978b16ab1ec818999ea8a5ceba7447fe49e7d7e6fb9eb91a2ab,148b73d5a46ffcce264a39bcda25bb763621bd66c2c657982a45114915481fcd
66c04f00a2d18d1308963a47e0b2668932f5a3957e56a49b2dfe78b434dc940b,a4f0668137853c95c9ba49a744f8c478ccc7e42964fa15a59ed3d228f02b193c,97b3825c3961f31b920fb5869a206254dd0dcac969f893447e901312eeb90371
67532f82efae49ccadf6acf188f25dbe3af6cf15d9648ef780e05245e0917981,3f934cc9f82db6b68167a686eca94cccfc86bf4896076e7d38aa6d1ea99a449a,b0f01fd0836b2aff2b499ccd019fdc766369edda3adc416fd0f1c6e1decc1980
68975238faf206c620ebc994d2aafe04c6266c47dad760267c0aceefc598b8bf,58dfda629749f7e5a31dacec6f8903e8a3896ba73db1c88e074626b8d7035771,5751029c9304befc6c2eeb59ef3002a3e4d779543bf63fce578fed644ee13ef5
69b635ed4d00754d772bcbf3a1f33aa84221aab2c1cdf31d1df62a3760ae9547,b441be6064f2757560504a697483eed401a9a515ddd7d2237ab75c48b0b92677,ad9f7629326300ea73390c35b8346ad44a62b163b2cd45740c1962a56ea179fb
6a149769201c237437568f567dc458f3dcb5cf94f095b3fd69d10837670b6160,7b55c999b8ef4a14f71f1b0519a142802b3b4407ec3f7fe309c6e79109d3107c,b9c597d6b8ee7f0f522a97734ac1e4007ba013440e39393eb6b68fc6f7d9fb26
6c2e2f930e5d5ed297fb1e981aab860f72d78e26eb1c9daf18ab2a6e582ac31a,ba99fdcc6df4b15c22a6ac36e5e2e8b9b2b000f6972c4330a998785eec43ee51,c7093a2c425d750239708a574c4f28f74413341cb8fd0ef2f656505e4f8d2f4d
6d6758c42e205c2727a96ba976fd3cf9d5c7751ff0e04ea5aa86c13787a62ffe,898d185accae66cb0cb7d529e80491800d8b7b546b5baa6f49e8a1ea0740e2a8,90e4c649b000f2e5d4ce0e9e1248b48ec74d0dba55936e4c9c11a4ffb0675f5c
6ea16010e4ea80da27e6746511a795e2244435aabfc3c81dff4db05c4b349135,5b858cf2e6d0a552307af2eeb1f54b168aff1befd2a8b1e77335557fe4a046e2,737e6f8ca20171ef0fcfabe46660c414eb920e3d3d61ed6ef12d8cca2cdacdbe
70ff2584d6e42659f62b302cbef98db0f3a2ff8aeceeef8a52057cfee0dbf4dc,71e46e8b73a62c884187c18df2dc8e33baae01a8f5857b27860c50ad78d2c0f4,9be924c2c4ae173de282567a99653969e4823e922b0a04cb4c03b51172541ce0
739703df14a3d64a33dbf680f656f0b99d5434c5dafcf17078b42b98b5c49fec,6dc337dda8dde0a11edbd012501943ebaee7a8f0891998c26315b048a4f53d2b,ea8ee001f6105f72f5e37ec30ace2d570caf53cc3dd5e27c6c8be298ccf3a370
7455f65f1c725f7efb877012429592a9b77e71e1ab79f8b4ce74797bf8a92642,78593c9c730c16da6c5f78886190826eec76cfa63532ef24c12228a8e3d2946d,e153081c27401053381913ec8b43761d6630bc3d0066b13ec4b3f895df56d570
7568ef4305bedcf328ef0e44db500134f0e8b965a028832a8f7370e9e88abbf9,009b5df5d8b386dda9c90972bd7a112dc8348d0fadae84edf4fc184868d5031e,446a37abd206e21f82b7eb986abe14b0b6f269f99891a6c67a34405793c2c9d0
75db7f2adfca33115b0840ef0bcd276b76077d6fff5402690b0182655a13e3c7,d836680a336393ba8b2a81b6abf3dee35d6a5da5d52652f7bf121628264b4f1a,b0f5b461fb6eb341334231cc87d1b78a873d2f98c1ecfb67417d9409945f7f8d
766c77c5f827ba5cd6d62a116f19df21f5dd195346ff8dda81e3e019624fd4e7,0b6476886e567e2ff8e6c04223369f4c3d3380f74bd77a8156f4991210e1fd17,b0d5f58d6add956e4ea02f9ab42de097ed9c0e9845accd0f8fe6e52353274a60
77017d001bdbfc5c1c649557222c34aef5ac1c284fd5bb84382fa49ff060016c,3b2b907e362254f40e090ad0b903e71c91da1c4750e584761965d27feb8b3619,5e5ebc2d15d557aaa430417eeac76e18b56b095b8fb21e6b341ef0592d3d7005
77ff3b2d16df421e47f6282e9bc7df8b0e849ab49af3377897a3b0b92ab77591,7b55c999b8ef4a14f71f1b0519a142802b3b4407ec3f7fe309c6e79109d3107c,c322b938f4fda5d1e67d5a3c4919bef56e5990116c59ad6b4b1259989e97add6
780f2605e660e9edf5a10432587ee28a1a36eee9f835bdfeb8f7180309eb0e2a,ff3857ed9804aafd4d29d870f0c9ef47523417cdcda088676115fd4fa2db9f46,963cd00a4ae45d7b18c5220e25d47d8268c72b827153daed1b8e8bd399e0d336
79ac00040df8a92ae9c61fc38a3a21faecafb902cb2df83dbd20e33961dc151f,a96cc93d110dd51a8180cd5f056d56b972539c9053dd5c43ac5f050ab8a332a5,d2270897e08b0935bb79b4e4f9ff01b56226903ebe5808d218f4ca6499c1f104
7a0cd85020b9eae3fe1dea9cb2a3127ea8567b5ff8d90a7badd0e3abeac6b52c,7d727bf7ce3a9507a9c633cf091d1095b0edc678df56ffa03ed0e57b671ae780,59f8d0726835f96480f67e1346dca8c171bbd7e991ff31a6ef5bed6d922f7864
7ad0e59cb35e03b765d4b915fedf2bb6a417516a17af125f6b8746ee3cc2bf39,8bd466d541f5abd8ee4e7e81ae95e100139ac9598af8a83ebbfd7cb152794070,fa16c08901c08a0d55b950fbddb50548cfcc568238f74ed8ced9d69a25f6243f
7afc7e74a8b0332d5631f9bbdc4bd7c520d78bbc0949172d6b07fd927af20124,205ef4b274ca8e85d30774c2fa934cf732c7c10072b440e2e7f9160b52820840,10f4a8d38ac91a312ce7b33361f621d7adef9303b5bfa3ba5d2b20ca59d3dfb4
7beca67eb70c83169b7129103d20443f189aeacf10e9ae18fd6f43bf0f824be5,ce1f1c1f73196e1c8f2e65ead68dcc7cb871110224e713a6378b9b4eb9e6d3dd,64e0c53b81e432a4c6c34e8f6ca6d07ca76be5b1f2f144c7267ab9a5ff6511e8
7c195bcfc69cb3905500e2039126d7bfae125c6f2c9af90bf764466b54b3df7c,a301fa120ee78bb120a3fb3134b15c88224629192a05afafa3278129ac9ce041,2f70909a37f6297a8eeb0df8e9da5e3845af5393909064916c6ee45df1839b7f
7da2c1fc9ef7e04d22505a1f99c7354a27ba94f9afe2c8619cab5e074a7d1685,0bf59cca26705891157eb6ea239d0f0c6641d990ab4e907e696992a159217da0,bebb18e0f6966ee037aee5cd815a27d95089e2040376800446d267066799f06e
803fe0594c0674b82b3383e7b719773d6bd0550f912191b0aee4c4d7f19232f0,09fa99e982762ca8b3001d13d134a88dce069f9e9d980ed8423fbc73b4610177,94d434f09b668980919efc541f3df7302a52f0db315ae2927b7252627bf22cc5
807c9a11fc9929a1d4f66d6d9f3bea690e54a47f4e9199c676c81c3e18a61db8,e08d9512c114c92e4c7a08ef991554b5ad44ce6b8653064fd92979f1cc5370c2,fa4b626b61353e969565f148188c08eb438952b869dc81b45baae7386aea52f0
80eca9237840024cdc521c58dd6c685fda3a6d1e61fe10777176648ee883cf72,ce1f1c1f73196e1c8f2e65ead68dcc7cb871110224e713a6378b9b4eb9e6d3dd,99035e237eb972b3c55ded9db5bd53ed7ceb3f02d09e109776300f42e057ee36
80fe6d53052ee585d55a12678cfa0252f86bad43522eafb0c8f1af57b27cd56a,8cdadaad82c8b297afe06b7771bfd9796046ca158dba064d1375e9bf29592c76,8cfda92c93c9a9fcdec186a406848b3cd7652d28abe04ba9190a716c74c77b87
81344136b0378d2e64030846923fa0e8e0ca070e9a5e1dbe0bfa009398925da2,5a513ed1f11e0113ec0ae3bed9d5025a099d5f6721c554498bcee02dd4aefd15,654c2ec12eb6f06724d6b01e73f1996d4c795bf9002287dd857ef60368e67764
8349f8f354451072fd59f308a0499b7bd7de1d0c9c67aab220b66d1b7ebbbe69,c05a68b16beef0248bfbcc431129d9e1eba6e631e53fb20758a287df6a825f94,3c3c72c1c2e6a237edfe40e98a348aaf0e85acf98216742af4fedcde598b0b87
83c3d7ef5339ef18b40b41a3a5981003c49b3b5f37b1108a703d78f228390e8c,6e5728cbcabbfdaa1efa05c92b1a7c930454890204e6a04fb38bd2a281ca5026,a2f5a77eb7c4ff31edbe450ee11d20477b918464a3c9f6399dcbc5dc8d85ae3e
83f8456e017b2d5a7c390743d9bd7e4260bd6e156f2a16dcf3d57963daf7f591,205ef4b274ca8e85d30774c2fa934cf732c7c10072b440e2e7f9160b52820840,ea5369523c86c5b82da92f62b0de8250185a4115f6b475dc4a433374f7fa05be
844c242d039f97a7a5c58efb22734d66f5cdc20ffbcc6f10efb73afaaba4c423,3b2b907e362254f40e090ad0b903e71c91da1c4750e584761965d27feb8b3619,8ddebfc3a36363d150446e237468cdd57a9ec7b9e94731bc5ce7c43a3d4a2c3d
849475cb9b37f181986a00f8d6b513fbab14ce890253664c755ca7babbdeab3e,3c042f4ad81b6a529c27bd6201cb528d54cf6ba148563886b027eb8726b2c26b,7266e2311d629f62b1cfdb82719dc9290d3d71dc20bfaa216615779a5f05f9b1
84df6eeba62cda3e26a8ce6271a7a9e7a359084af9c0b74a82152bd539d743f8,aa749683ec02e7a3f4d1f0d10938312ee6c529ceefa00ea36a35baa689152bf7,83b964bc9a018ba9a6161ad13c12ff4587581d7793506ba0d1f669516068c088
85685df90c99f5c1cd8950b446c08b199999e5a91f32ebcd1671952129cc3a64,10b47c20c28fb752c3d58639bb4916f70a93ca9074287939a5b5108237ff17d3,e3c28e1af889632f0c8dd5057147fd6590e7950f9cb1e1b87dcce3a2bdb803d1
85a12e672ff3160394f78c4176d41ba326cbcdb3be5bfed5851aac7e33e8c4c2,a4617c8bb500d1732a38d343f3b9ece399d16821687d2d4803dbde879a17083d,f5e35181e0eb23623be1883f2257a62fa102c7c40204e44534ad1a66a2a93785
86c4e99314a9d0ba9a5a47583624856a1f29c507f9bbc12e1d413bc8e99b7a83,6e5728cbcabbfdaa1efa05c92b1a7c930454890204e6a04fb38bd2a281ca5026,a69cd8ded3b97da224cd0d1bf19b9bd4b848ecc6b68da4344fbf0ef5896a2466
87f6821afde3a04e4671c3f6118ddfdd63be8390b7b49c876c22f94955995bf5,6c069e735286d0fd6f7d92faa46f7a4c47d38d5207dc2c0b624330291846d18f,1c3b4827854b0c6f2eb9ea842acd46d3c2761cb2360822fad203a24839b00586
894c6c6c9c7fdbf8b3e3567706c5487eacbc3fe73bbaeb9be0aa6e3f549b0373,66c2f94f9cedfe132d1ebfea614ac66fd3e2762fbb01242597e61a84f2181b8c,cfaf4f13f1248026631c0069936bd7cafc19d7097d3855af354d2317b0bed3a2
89d11b43d629418fcec1b7bb1b9f8c013b7ff9bdd9d4aeb2cf90cb7d3f9d954d,380e75d7051069267a93b190469914d13865687e181a5c69b3672d715029f2c0,b2de625a5520e7f4cbd5fca31c9e71b2f0f5ea5feceb59dea2d84c06a6e75502
89fad78504da6b45e4b0a584f241124a02da801d9a196db58a077f2ce330a513,ce1f1c1f73196e1c8f2e65ead68dcc7cb871110224e713a6378b9b4eb9e6d3dd,0a668ee18396317e43802b07e0a65158d141c77defe4b2027ec9ac08d017187c
8ac962c7c447cb81883427a544c5a7d993d2716e15ef504e26f146776fa268ae,ac5568f0e08b164869a84a9c34a29c3e9a34980bdbc4ece5fcd1af794363d2cd,30306aa4103cc8645c8f66042b9ba59ecdcd1207fd109cf398b90eab32fca01d
8c7cff61a83ae49dbf447a998bab482da3eafd822f88aececb2e93ce2cb079d7,cf99f6964e63840ac9e90cfab4a4b5b8616e123c47bada8ae8bf9562b9a1b084,eecf854a382721ad0eba00562e2e0da14422187a614b0d1e9268aeb065644a01
8d3680af697a2be38d81d80a4ca0ca709f20a0717b5d8d353a0250f468483323,7797993bd9d0ee179f74928932ed57dce06e0f0f7f21f5e0690712089db87adb,82eb813d74e751cdc9c1edd37c5e7b9948ee778737727554cc89b9bf243d3c64
8f02c4b778503af822d5b6ef40c0d0ed89dc360cde4a84847d0f57095c9946a0,8fbd41c2088f939098c4418c8018ed2b33398ebc9e41c374d33beac4d64b204c,1797c09e1b7ef26bde541d3f3454d842394105af7fd215d4863cebf98091f5a3
8f2570f323daac2e6a20ba67ce5111dedb022802d4083f4e381570fc0dff41b8,d41c7debaceb1b098a26823b10c5ee14f3bec64e75295b584220acb82224da25,8b3104211005b3711fbc0e6b5d3ed3058c2b1b3e21f7864337023407fe6c58b8
90be327a4b087a561c15862f107750454f60eac4d7ca37c6c565efdafd0ac9ed,ada1c94bbe371c37e2e54db70983f1611fc1513fa51d0eadd0f81869d104eb37,c4e3938def3b00bb0c364374f68eb6371b04d20401215980924863d37baaf2ac
911fb9c1c01512766b719cd4eb113f2019a648b081c47497ef25d011e4378f09,7b55c999b8ef4a14f71f1b0519a142802b3b4407ec3f7fe309c6e79109d3107c,bb5a07e70214ff010c510fe00945e6d018a443d1442fc6332371268572617c98
914117b4d2a43caa987f97af8c868567f3e6aaa064e2a8f182be26933589c37b,a11d06d5ccc7cc020212f6b96036ebf0623237acaa31e19b8e0f3c39fd9a41f5,b6808c2908c664d80aa789b5f399e5bbc4932831702c8a9afb59c213f2823923
92cd4ef661022cbaec956c94b28f3e50a42058352192ca0d8ceb2070c844d9cd,680f1398e9b45afa316a6eb6267c7c18f2524c7bbd5bae3474b9f449aab55369,335653b1d7f35be903bc284436fc4e181e1a1e881ee11148945fc812ddbb27cb
938735d5a26bde96242c2e0e703b11b5790940fed7daa6917287e32523572e46,245ccc05efbf624368aa07953ce37cd08a04e5c989cda415666b309787858e43,12e00f8738fc0f209fa97cd9d722751ba50703252b57362904658ef3bf539998
962205d1f5699c031901a72d74f21c8e7459fd0ebbc39fbd9cfce467447b0dd5,ecbf022beb0f1e0ab01fa3394d67179561f278ac852d1fde2cc7ec5e6801f80b,5e977ec281cb0e29479c64923821f673cbfe86e8e041ddfed26627518db3c8bd
966bdbb0caab1b7288e215f04b566873f2e68c1176343810ec1189897cb49a8e,e5f52719a6b3fe242de812552e1d855feeb7622e6bf140de00ac408b26a7e5bf,2324a2b5deaac146647a73c2c76f98e2cb5c573bbebfa2ae4073925dd5b54d6f
96ca85ce3b0aec31c99eeb2a2029bdfe4deba117da84de14988404afde4a7dd2,bd33b3d041f68361da02d5f10751650b36c35bb265de79cdb75f60c3cafd7b02,395d4585c3495e74c5243a02a2200a7f294450f5d8f6795984c0c370f2c2d771
98f4349e43ccfda287c1d657c29014bbcdaeb83e63d8686feffdbb3b006d0125,b67cb12dd09472df7f1c522fbdc33b53b433d873e48ff48f94824f3f548d1aa3,350628e91222eac237d52585cb0c1fc06778b91155bc529452a001ca7b3c27a8
996a5763bbcfdcf0b8c36bc1e7df597e18f3c06a6aa4f6e787df0e0330669c7b,50a7f3725fd40278353c2f95362b92bf9b390c8636533fbf09bbccfeebab6d7f,9de1dc255c13877dd300b01911f50c0f9cb6b6ec76e97f96037862fb03bf085c
99efc8d48bb231a23368c93c77d6bcc356aa52f00d9fbab0853eb387b3caf33d,0b6476886e567e2ff8e6c04223369f4c3d3380f74bd77a8156f4991210e1fd17,b147f0d1a7840b83f824416d5c14e7f0dcd5fa41f1c3aad2a8350751d2c54829
9a80b27192a8637f60461573e7e648ab3486e506ad049ae886f095c167dea105,418dd5f0b92d351deb67ea534e7ec588204b7ed81d47430f61d3ebc28d31591b,6bf4121108c1aa14b1e00a1002b9ea8102c5d309b9b0a9c169bd3d3a71037f48
9bded6686d9a05f3365a477f7091da9c008b36e57c550e8117b9c3135fb6b97b,61c59de45da946c6c4eef10b8ae42d96efb900c8ca3bf26d1344f8857a2444b7,60e3d514d378c7dd2c62356d0f29c9ab4907a1994e95faae2283da18da72de49
9c16b5b1e415137e3276e58785fe93c31fd9cae96433916107b32ecc6b25bc31,f9771d2a68c12780306b5cf6914f6428c5637875060e77b96c59bd699f68ec13,390e0bc9f685d0e0d74651dd016f3b64d55a8b563b4c744deb72760e1e5e4ac9
9ceeeb6232c129e2267bf809527fdcf389298b428984189b27862399dd081a85,0b0877dcd9204a408abbe6893a58cb44839114185849d62508e37e3183eb3390,092dd93a281b586e15070b6700a803f823c33982a93628e287dc517149dd7460
9d134afa54b3154b2143752297f4b2da1fa9d408bdba99679ce590eb7080a011,e616002305be97eff015a1fc286c5d6c0652fbf9cc9ea9510987d70737d717bb,4679bbb669765b61c709815270df9642cee3ec1bb01a17b0778f1d813d093479
9ef6acf5cf0ee371f05b125b8a29d3c6e4f3736eb68bd0f463861861f727cc65,7a621aacc215d6a1748cbd0ad70f39008e2202c2ad2c9c71e674273e67cb2452,0c3df26806c01dd6be34afee5f5b9fadb4c0ee9eeabadd00d2a7d66e8dee9f9e
9f20dbc933194680f303deda6b03698ba4e62eaa21432329c85952e92c98b238,366b4599d27307a1bc36189df39c443b399e7239a1d544258833f78d83e6ebea,532ed7da3dc1d63f0a56be0bd3d7ec4d1a8b7f3010adab1bae8410bbcf5a3ee2
a004045e47662d6da9e165a6613b4787c6b5d622d56cc4e6bdf4eafdbf23ad92,0b6476886e567e2ff8e6c04223369f4c3d3380f74bd77a8156f4991210e1fd17,8df651f5d49f1b6b7a3405c9f3739083f7856a2ed5efae22a629e4b18fea5f0f
a0ade6acf3339ffe7892b406fd94ab36657be3454da66b289044ccabc8895e64,962f14209f819463cef5bc6fcf3ac3ae2ea676d99d1a6c474d34873acae62cf4,1646ca4e3ee48646dd3e7fffd87c71697a312bcb82b2ba169bb27e34e94bf61f
a0b88839dffbf30627e8bc9b8ea5c1ff18c3c2e8d0ceff93486208dd7981accc,7763fbbc6be368705db29846e03ef350dbb39eb52b05a2e25c1aaccbafc814bd,3dfeb47120f188f6358295c48f53edcaac7c6d4d211bcc253c9d60d211df12b4
a2080352307d99d0334348e8f77bfa943050847d66ecbd709a03a076837a2807,39f4d336ed3669c2ce1a68326cf36b1021742dc0804e6ee450a1e7fe11426f78,c2f296fd849148ab5b4a48c10b2f95b447e78a7177020f3cfde6424b68064212
a228bc0e39651823be45a60295b74211eec7d7997f933905e5ea82077f82a53a,eed95c230273b4e6e7dd8d1a76f9cb66660b8bc8d18d987db4920c61456a7756,c70cb928a8e50a5d393490dea3c5a78f8fbbf952f9373cbf63af2f62cd46c241
a254e5ee9205c3149a45147e0c086e54d60b02f5e5ca83d69f5aa872a5dcb98d,2e98f32c62dc851072ed1fbbdfec602611dbcb3a1198ace2ff7a7d80fda4d75b,9246abea0d5f128363deec23518ff72f0a8071d3cb52a199d80cb70354a7e815
a2d444f77e44b745912281e5612c35b50e9702072bfe49978c8db527ca3ba0b4,8553c238010fb0cb7647acd3a61ed7f49f3c1b440b41503f4c1241b6db85ea6e,79c76d78f6fa4fccd2a427317d8cfad10f113c4b2abf5caccf65ec080b0dc3c0
a3d06cbe17514802eebc13c9ae66dfaf8d4872b7d4b516e7458c2f0865babe77,bb51f92a25406c61bc1e1ef6e02b9879ff52ae1bbe3873aec22fadefb6234dad,74d093286d50807f730a719c76e2954180b6ddfae9a1d8129554a5906c814b72
a50909f296ed3a158ad47cf191ce9c2ce19853f6cc4ca4428efdd1dab6c95637,9935152b1befcf0caa65476c048be09b71f304a42f800de091df0426c35390dd,c0965e453b670e83f8dc117d295f9884e3f17278d725a94b42b86b4d58c34c5a
a5ec60ce39351a78e6c23450a7dd91b7dead3fc45eda02a73012f5a6c2c32466,66c2f94f9cedfe132d1ebfea614ac66fd3e2762fbb01242597e61a84f2181b8c,a80bc6fc2bf9fae62e26499e55bc1ee4bc3b34d1a5f2caac8e99ff5b5e57409b
a7ce759ec90aa54a2861005d81da186789cf79b703a0f872195a8957fa02f65a,0cdedd0e4e20e4afb6abc086b32ab57f1821ecc3248e0f8bf88b2693d7a4a03c,c42349c329d6dba3b7fa7305504fdb1dda79bf17a5e7cc3408b429b29c8affb2
a9c9366a431c327bd572e194781fa0f00cc360602fb82c2430b67bbef4a74247,7e240ca2686585e6f1f31f0c82bc9d53e81b080afe9d14461614dc49b250059c,87642ae41a37df8045f99fed27ec30f31b0a1c40d2724aa2be611165604a7c37
aa60e1c390d94f4334f84c16dea6cb1cb9958899c9d7340312d158a0e761d6c0,37b2de162d643763b9eafb938d0645efc3dfcd735b4f73dcdabd12a2e02ad89c,f1894e990ff5c43fa294ffb408418ae88e5d877c8c4da7252d7098eac4d76ae5
aa8729201fd15008d2d821c5e2837a340a8bc0616fe4fc401f360aa9ee021105,3ec248c33d43b6fed3c5f29fde36db89d6f669a8546d6236748bea921f8a140f,cc04c8136670def01abea475cae45ce794563d7a756b161d9eeec021e42bfde4
aaaa2d58af5096dc519e0f21ff9b3b07b062f0025286630fcaf879b55ca97314,4197e52e605a5ae382688bcebbe338f886855bf093453ba6c90e7c388bf9367b,f42469e46f1e853be030c433f32c774956f60193da0782e5cf8da135f63ce26d
aab71f2e7281fe84df630b91847115701949859a7a26aa8fc97ae35c9e6ba7ef,858261f39379ca5becf034636dbc1093f3f5de7194bc29066ef71679d25d95e0,e4b6f2d1bfa255dc930ded1dbc3a2fab065df2729082d12a77628cfbde882cc0
ac23762d6e77e87165ccaea36f00abcd0d065e2e020df7a09241e763bceea2af,3b2b907e362254f40e090ad0b903e71c91da1c4750e584761965d27feb8b3619,845b86899577d749f501e11cf7037df06532c2c64131391593f8b16512babef1
aef5aac98170df291a01a7bdfcaf255e881fb404d6157e790d369671f4dc5be9,e54f84d6b367df2512a1a97e719028c0373a72fbbef8435e730349f59d6d44b6,fd4c5e8743388467ce464e1ea666d305fd62e2c9832b83faf8ba213ef8410821
af3ce12ed9c7385d20935fcb55d0eb31ebb3d5841a332144d0f6caeba23cda38,042cf09e13c7e8779cb2ef5a2f1255bb8eb54b717576cd2c570f8f50de0fedf8,1bdf234668ee3a27014acb7cd408c5d9013cc8651d758982275aad94666c92e1
b160dc2d8af2a220f96bf6665da87af5ea323f108507bee17100295f76a636ba,f17eaa5b5e037eeffd62b5fd8c90db5b7d08f9690a47e36c9aacfa592d33224a,40cca8b807a99778ba5a2fbe636e9f2738c88efa5cf7685a750ccc42e0bed83d
b19d7067066ddb0e35c514dbdc30a6385c786b17b6ec2f27702260719a9dadbe,b2d6bc61cafe71a75504b122b870150104b0475e67f210457f4fbe0a97cda45f,db98f96ea8b75f09cfacad1e138c23cd63bbcf817f1d7cdaad501323be74b594
b1c9b36a78957b64cfd26b1f9ea92cac3d70c70fffc5fc0dbd12c7ba7fadcad1,0b43490bd38d13d08a55bd35f4d3859720b747e20a93bf66cf9219bb88f7a0b0,892de97764a93a4ecf0c459867e997eeaef1da449579290c775eba0ee48cdc03
b21f46336002415f490d0b14002785f8f84b5ce2ba3004e3437199f8931d6cdb,12a4c0b5cc7a56d1a3e407c82a3e801258c49a186cfd683e86b4a0165a042105,73946a95aae69cc62020151aaba7ad9513fc6b0479cd6041b400d8c05216d626
b370989e918f25be8f7a05286048a0eef559452713ec26192a3b047c5a7857c0,a4617c8bb500d1732a38d343f3b9ece399d16821687d2d4803dbde879a17083d,cb262fce01824114548cf046dd89ac6dce8c76189b97f7cabda2d0c67361c969
b372d1c1a713b15f3b7462967f7bd1faf49656ce9d4f49f7dc220be3af657cd5,07dbcda5df4f27bcf7c1dcf22181113cf3bb7f0fbd17f9b87a5b31e2a41e2582,18aa570d0f032c81db534bc284430925a705f0a25b19f05fedfd6e0f716dbcb7
b42d2207c61ae43f384bf19579ecc12727da96833222b3a386d9869afc1b2f6a,b099fad26de467ede98597a31df46e0ff2e004b67fcee04171ecce3c1f161d87,ce69dd37b35cd12ba923a3791135187654ffce28acd044c90225efde44b06a09
b4f2a9e78ce3c31e46bea5a372f71b46bbc4a05ad4dda65e5e0e265dd14f2ce6,3b2b907e362254f40e090ad0b903e71c91da1c4750e584761965d27feb8b3619,31d206cdd77cd214b8858fab54f7917d7e6209150a2f8eb09df17cc3abfdc628
b67626e2f91b3a150211eec7f0759c308a8f9b8ad145d9f990419a31b704ed9d,19afe3f33aa3e450d9a9480b9fa63985b1eeac3050fc1e5e9be989cf71a8094d,e75a7c1691954d6d675c35ad3d1b98606bc29c642d4dbffc342d11d6d32c2d5a
b7247bf1497bcc0076701fcca72db4f5daa11ed46301a7e44b2e9d276aafc5cf,89f7c1b6ba61db4057d74396efb165792b4ca8b7307bcaee2f2b07dbb80bdc42,7e3813920be6f0de9d7ea9fd7e46c11424a0d6555e896e31610d47079e4fe2d3
b823b285a1f370ab6efb7e44c0be87a2a362aea4380f20f47d403bed745fc0d3,d5af77ad4bb6345831ba8692a46aacd6f30e0b6e17270c506b60fae6342af174,bcfd00dbbae11e2511d53f1aecc313cf15ceeeaf7bb7fd839f2e0b65452c78bd
b838ab023450808de25b193cf3b99831f82bdcfa393412c528d1da065e0c17fb,009b5df5d8b386dda9c90972bd7a112dc8348d0fadae84edf4fc184868d5031e,1793fe7bd475987b9f762098d6fe7c16618eabd3199cfed8a71e9c5d18fb82c7
ba62c635663d14a3ad1356c02418a9261b2d4198542f2dd835d455bf18081338,8f5c738a53acbf6b4ce0dbe7c23f3d7617db4261c9e8baf6cc0c382ea16b8827,1c3b4827854b0c6f2eb9ea842acd46d3c2761cb2360822fad203a24839b00586
baa81dc88ae9d68c4d7911a1b28f5a12f8943a32403b80d67aa70162c98be893,81dd80ee9b88368cec1b6111d719ba4f170d435889c70ecf7701fa8e3cdbee60,763b31e24d1250f54112cffa514a654a55729c24ef878f74976a0f4a67285291
bb2949807667a593e87734b0b1b9896956b387f7b642f40c5dc508c7c6f48436,a6f2fefd3977184696187520c367da6b9682db8bf6b0329cca72f1b4339584be,ea503f0280185fc777db6097e55ad402b29059adebe182350c7dcb55d4aff23a
bb2d209e50c65fc39e76709bb3bebd00ac4ecb2c8f3b4ced0ac0bf8f5410c063,8cdadaad82c8b297afe06b7771bfd9796046ca158dba064d1375e9bf29592c76,f8bdf535d25a795f8706ea5fd4132570556b8d2d7a20bbebc82f93bba4004a96
bba709cfebffe4a38b5833586b509ed136f56405f97a008b941a34b868b314f3,adfb9b57481a1b5b96008a57242d33e9356e6aab2f742297678d9bf8953fa65b,3158505c24557033ad5565398452a33be6f58d6dabf8844a043fddc62f878074
bbd3b7a9155eda88d0f2a5637f762431c69e924fec4ae91eaa6150b1825ba6a4,275c5ffada7e9ddb670ecb84236040ac363496035197f547191ad61e321007ca,9dc762da589a1a979f845f35a923425f992a2953d8e9455e913479249942d8d7
bbd9a42e811f456fdf0a29fc084b75fe4aebd6775cb997456242d7e4bc076a8b,25a2a239b938e32fe25db86f7443eee9c8a9e08166b2f1f4fecd54b1e8bc4d3a,9369f59371935f29ab0428cdf3cf04811cc04240cd37bfde6549a46e9ae18b6f
bf2aab36a12b44a8386d14666383c9169de7af005d5e298d9e12c2c3c9777954,81dd80ee9b88368cec1b6111d719ba4f170d435889c70ecf7701fa8e3cdbee60,5566ab913966c5ebe5b3902701aa1e55b6b75e280cc52c60b2aeba88040a188d
bf70a6dfb8c92c7233de31ecba04f3a9920d9dc96626399f26a0538655e7435f,b49955ba3e2c5bb84a7968d1428ffad0c432abee90ef2a319c84649e655d9b5e,c773e1e43ab1139e39c580f1a3f136e501de0ddf8b37bd604c3d4e05a25d07c6
bfea6b66467382d08a17acf6f9cd38d987639915ad0223d69e025139950363e3,8cdadaad82c8b297afe06b7771bfd9796046ca158dba064d1375e9bf29592c76,5380d2858cb4aab3565d4ffb29c1b1e57f4a22c4fb8f0daf49b8eb145783eaf0
c1845f5e074d42335729b1524eec8672173e6a23338a9d92a1a3b8fff66518fe,245ccc05efbf624368aa07953ce37cd08a04e5c989cda415666b309787858e43,eecb83a9dc3ab8315dd124debbdec2ec1e2829c935aa99c9a3f1438eefe0ed80
c1865ea802172cb011d5487fe08097e53d29a20e0bebc4a8849e348511df51e1,0ffbe8bec2ef97f3f56f9175d05aae59415ff3c4e963d0c41b2dd6c8e696120c,a4736786f0ac1e911165f7d1c45894adcd159b662f5191e30e95a69d9a0a677d
c1b807c4b7cbc6acd762ed8da1e513bbbebcec14e8671d93a07e5f47c94d50e6,272ee32ff5d8d9ec768c367cfcf3c54ca5bc0c5fcc42c114bf1c86b1653a8684,e188c88437656ee4103691cc9101da90a859b03c4d6366f11597c0d2cd2ba5d1
c50d2be5a1af99c91aeae1a75f68e03b231a8f24e2e6fb358cf4b06338220ee5,a4f0668137853c95c9ba49a744f8c478ccc7e42964fa15a59ed3d228f02b193c,71d936970bc7835b5ca7bc7207078f3e607c96a1acd89a6a31bc66157f8a76af
c6a991f29c015bd812ad365a946b01c6c8f00bb9c736e688f94e6efa0912b361,542b21d040ed193a8cf0c7b657f0813b3f185048a81a8170f6e58ce3691c0d98,fd4691c9b635f534c0de36239c0214deb32ef4e33392f1c2b9f1a2a832852067
c78e8e7bcb9b545ade6b0683c0cab0c914568bc6df6264ff3a4eba6bfdb2020b,3ac270d7cd441afe2db7230a80e072f1642bf79070045733f052f23f7f1fae96,761383dcf6af2e5f436842e27391d7f2c545bfcb3598295ca9e2b2535a6b486e
c83b3c46248585e6a71a1ba83874c7ae0a6f8370ac17735436b0aa2de87b136d,2a0430da1515848c0d8fee3b502f7e65c2dc0c3b14eef1c14e5dfbe3a9558fe8,ad2e1e983f31f158b1c2896ed26151474e8f766bbf498f58f5db4825b57a95ee
c860cffc9c13fda7177b29bbf6f0f882e54089f1727f8b6ab7afaacfdaca826f,71e46e8b73a62c884187c18df2dc8e33baae01a8f5857b27860c50ad78d2c0f4,af8e75f81a14cf9a9745c6d771fbb1b68a3eaabd60bb65c4a69826fd4e4b62c4
c952e1fbb4155848c3b30271f6cc69f6a1552fbd425cce8eb5b6f73c74d34655,48e0efa2ab6126108044e1d8cd05c3bb140fb114299364f92c9b1de713961448,2dd3d6c5799f673e1cfd3e521125a47993f8098d1055d3f1515e7c6643c45e87
c980cff111648856ede2c3ec3c3af737d9f340caa481ef243d5e66ae21a305f0,0ae5c654c32c28a608323e217ca6266b82d6c3e19f6eb027a0bbc13381cd7b43,c727d593784bc62174e1e31ffe79a23d9e738c35057b8d4b05b5202d001cfe1d
ca3301ee2f88b79e517742f9cde9f911ee594fb68bbc92776c38af61fbe75f0b,f9b6943217b9123a064e9e0b2e05f922d2b163feb828bf2b739edfd0618043c7,23fec77446c53155203512f955921681b5477a6da75cc6b934e416b3b8e76506
ca4c35d1942c24cc4a2c55171c70fc5b74cb503f04575059429002f8dcca6492,a11d06d5ccc7cc020212f6b96036ebf0623237acaa31e19b8e0f3c39fd9a41f5,d0225436306ff21174cc4e8a44321cd1ef86abba7a42257149b68c39a9b90f67
cb8c0f6a06606188e7d0e44f01282d2f9caa984663c72ff1cdcedbb3db09d217,d1a57d57183beabcd2271310afab6833b81e153a30d09c25bfcea54053c643a2,e0372feaf518a9bc6e4673cc23922cf5a880ffe27a72a064172cb577c9c41b76
cd4facd7c8fbe28456ecb5e20a58a073cd945147d8fc1eac4bd787fc6042403e,a5d7aa4133996d0c92dcf4f2f48630b95abcad6c48b67f0ce6091cbee2aaea55,cd4f2d7d7a0b0b35c00ff8e86fc0603d607476c0596367026a01a719b27a6fc3
ce7bef552c1332f00a4d7f4fb5d87c247c81de28652af19bd45c249ab8352221,09a2ec39ccd388013e79bc3b296db504170ddfa9ce8b77b1156c574ecb541866,4c2f3fd4537ee007f43203b38eb0d91af1c862671645c8d5257ea0e61c330619
ce90981249462ca1afe666a018824a880069fdc1d0e5907f1fe535de998b6a37,c1c26e3e569ee7bd4a70a4baabf8983d03d87cd47e4f288624a5a1182b1a1b0a,b78fb42cb2955aa59cdd1f1a2e6c955fdc6a1b67108469f633f0b71a56c739ad
cf9aee4b43e340f7ae8e060ec43c8035647996efa9d1a7fd29ffb447593be37a,a615cea4126d6985421013afa37ee8bd4e10b22d69cf2da4388c03aac398c8fd,156935fbc1b83f948df6bd7978d627b67ba930a22da54e1003d05bf66a6b9352
d34b6e6cc8fa7ae5b705b952c91540c367b4d927035e6c9163c50cba355a9f75,b2d6bc61cafe71a75504b122b870150104b0475e67f210457f4fbe0a97cda45f,783e2696df13fcdde48898177f1aea698da0ff422e42fde1f02e22b1db2a6333
d395e8d872e79d03f4904d37c061789cd27952d426edc0b77caf3379bd88bc0e,ed2245b3b74d189bbba539d865b5c75ac58f5d08c67754810cc78f2992167eb2,b53f9e207873136a14d6467287e9a70a22c45787b1846643c7a468be87d90ed8
d44ad044a0dfbed7bde551d21292bd53cac730565efd8cc029b58d0fe7259078,c05a68b16beef0248bfbcc431129d9e1eba6e631e53fb20758a287df6a825f94,1c5b39ad9c54f64b23714ab2a477b335d55d26203eec686fb2fe7f4be0c26e31
d7ff28045b06cefa07d33b64722ea5b3030bd61dfb89ee8cfe500d391158034b,0cdedd0e4e20e4afb6abc086b32ab57f1821ecc3248e0f8bf88b2693d7a4a03c,aebdc87d6244ee47274a1a1ff762a347329bfdea149cc49a39ada8d3f9a2ce64
da1245ad75f498a81e7f22706f578a57313295a583537931e634259ca0a7356a,908d0b701dda2acf0096b36231677089e961986e40e5d45ade6b7cac7449110c,7fc3c820afe6b39749c1b7d9c23c1a645b2b84632d3d7d2bd4f9c1dc998db140
da69fe0d69925827108ebab9159c1caeaf37e7b9362bc9045aaf5ad9aeb15a69,b17864f8e5caaf01650b07449f3992ff3f43f31e60ea717238d02319e79b3065,e0982dff23d875a1a1b84d1be3fe8c2642a9651333f9348caa067ded3ed88ded
db0ff40d9e9e240a031d502b9b3b325476ed85996d790480610208f237fb8f59,d8eaa56720cee7dc33acc5350907551ad29dd5f8d3926fe12e70249941eae263,035f479bf81f4b79292da0454b100948983a00f79f24df4d2d3128aeaee685ff
dbd020d93c2c05c1c5ca7db290f82db83f2cace34f16fd381c7adbe109553339,39f4d336ed3669c2ce1a68326cf36b1021742dc0804e6ee450a1e7fe11426f78,5cdded56896be0194f5a0f07263721fff94dfd68a894a0c22e8ec2840583d66e
dcee2dc939b18ffee7e84e6b258e11355fd272f7ab51ce9afb3d9f8b5f50a695,d634ab38764e611ab6e784cfc10ad8823003bcd390b60c896fc500e63a680d94,fc37a14f00e3159b68c3e68eed3a4a54bc6fc7dd699ff26e9be1ed2703ff7c84
dd6da8f5ed2cc245e159d8210287359ef2fb526077dd996bec47db2b3a8fca63,0f1830eec8f9acac74c159e62d61bb7269656371fd043cbc86bd7595d6f91c79,0eb6d785f7724b7b243749c07ad7ad987e370a743af5b46e181da45010d514fa
ddddaa0c3ee4e6cd90d52bc7b4331822a8ed664e68e1a9996c9894734f1ac167,7422c5f754675050b401eea8adac28c71bc2d7eb269641bad36af42228a640fb,bce85892fcb1b66009f88448b34cc920567ca2834a49268c848fb6b0523ce17b
de1ea30d6d8f094e2e58f81dd8ff8e199fffb3ea3b745df59cd6af3123cdb5ef,0b72f672b457682dcd16ea571ca7e09985201dc27d00d3397637083b3648a703,cc4d49859200178f06ca38d9575f71de6671db44543e31194789dbb4d8a74e3c
deaf1e29a04256dc632c381538ec9346215eb06c9375dc170da04475df638e01,96d2b8e0bd59a1cc95aed6821a5957eded6a57874a0a31e2b090cec0ae765a71,0a538701f95beb0114c8233053737b5b7f8308bc18cc7def0cb32f4059a90ab5
e324b1e1e8ba80a5f469146c385c011c8140fcb39a361bb89a1c27f4057c3114,48e0efa2ab6126108044e1d8cd05c3bb140fb114299364f92c9b1de713961448,ad802be47339969847002f3b1e463cf87abe301c2b81ea1207ff4d8f662aea74
e3c81b6588731c97ae9a217f899459e3b7ecf7e3308a2361fc5b5dd660be30bd,428170dfed7ce33a91256bfb2631c6dc2bba382bbcdf81adad69dbdc15086abe,e44031eb425d6b15d789c9eab7fcdebf1d36386f62f228a6e9c84ac30bb60a10
e3dcbe6ee7da17b3524910a77e3e41c7afc18b0cca124bc1b27e11810c996bb4,578900915091d9c2760389cf338554f456d5dc24046e240c62155fbddd53f2f1,2fe3fa69eb26b91b7b3b28031ac857b7f63c4e384392a85fe136ad796858702c
e47760178ea8a7ae2b6a66c56ea9521ebe471a74582da3aba5a44b76b600af6c,45183cb616bd353133356b3d1e027390d1b542ecd495feb9424f255af0346df4,2930d76db9df089af4650d91a7c8eaa6e580f46a4d821d263891f34334f90b34
e4f541b770b75866bdf8bae545e4ea0fb52e02f082cdcc9331ce4a107e469832,887a52fd04cdb86fa4c68d52dea8ae3817006a1d8a9c8f70e8f2ee55b5aadbf3,b07c4311248fd54f00ad7d372dfddd84f64bcefce42e58a2c2d755dc2a7b2bcc
e5de1f866f41549a3b523acf5b98f6e58029c66e85bcfd90d97e5f9db2ceb16e,d8d82d9969f70cf8cb281f8d695ad8c0fb4c1c9da59ccc3a70e1c06d579ec14c,f1a55d66a262f68950521feb68c407a90d5607181d6cfd145af741b5ca3b9a5a
e679c14b026192527edfce59400e56e1d4db78b4b2c1d8bd7a768a5774e7f9d8,247c9170d50638364783bab06463fa8272d9ed2b207c482b0ae07f3e1cead888,fb7b99cc31808d18cce38503a6044a48adcdc0af4d4fed67ff4c6110729cc6db
ea119c951871b6b5fc3899ceeb4603c6b0c02c54a58d4f84050938f3ea53a961,6f73a879831dadf356df35e9e65252dca6c07b5cd63c3ad6e8b89cfc9d67c56b,df0e73a7e47f2ed878bf207b28d9ef3c722f8a50b9b569f75aac959fd8b1f5ad
ea3504c3bf0563fdd8e8b487f4f3ecbc06800b79db0bf0c342277bed7659ece0,96de831f866e92ab9a17b0441ebdcd6de8c6fce82fb749532880134dce34e8b4,62cdbd754e2795e0a3ab8cd171f567ce97362e2c30b46ac757efc297e5a80cfb
eb0b2ff5ab93b52dfe86fd6a10b72f8c1c9e9542a4dd50eb5c21202dd5daf60b,4197e52e605a5ae382688bcebbe338f886855bf093453ba6c90e7c388bf9367b,2766e263390078ff7c6e219a862861763a002d993757818a7b9a6d7bcc9ffe77
ef2f097edfe9940812a4b27886165e8cd7b72955e192ffe7fa0f71898050bcc1,7b55c999b8ef4a14f71f1b0519a142802b3b4407ec3f7fe309c6e79109d3107c,d1285af6e5aa416aa281be1969a57552d5bba0a8156fdae46bdd086dac87c14f
f0fdd86a578b49f0ce35ff7b0566c815dfe306717dee2b1e9f2f60a5404b465d,a90a986e071e4dc89c3721f16d8f1fc35ad3b60bee43f722f7b4333ecb7d1e7a,b2240db553105bf456683536ae7935f182d7ab60e7bbd55f6fa49574922620de
f1d88a57b283cc5479bdfc7574f5f1c16e784e2ffd7ea3886bc373e4aa91a1db,16ebc4b08babb244c0acc83f815ed4f6bfbb3587262ee5c8ff2a90b89d2a4f79,dc8f7d7ee7e89bd90732be90a53472ec48f76967f72f3279d212b46be72d7c87
f3f53b4cd730d6d8dbd78b071530471426bb6f69a143f5597fef1016bcd131db,8206c8af8ee627faad9f6a3d1e491e2f7d828803f31d82be3d0f2fd006ffe56a,e89a644c6c6d4fe4e660579609c06532c46e433c6f03dd51188beccc821716db
f404e606cd20a6d9b4aa118b57dc9cf39d68968d162d56c406e1af03ed40ad0e,9819ba9107c8d4c2be0ba76402102330620552c40b5ff732b9f2ba1bf9d007aa,9e1a38e462a29e2e569b37cb64d52e362689463c2245e5899b4c08dc6fa8cbe6
f52212bf597eedbc45acd240ef7bbff82df2b5e6ae8604df0225ff1acb771e99,8fbd41c2088f939098c4418c8018ed2b33398ebc9e41c374d33beac4d64b204c,bc5bc11b79b084c6741398331636aa6772c191dba514d3e7a1b84765f71c5628
f55fb757e371388a05cba7fdf3f42ecfad892b703af023adddc883fb8a822a39,9158506993d4f71d307b90a4c7bbcac1e1a4d9f2f5ad273e32c0bbcd6af4bce3,ee27b39f8670c532076520c3e1d540412eeada52ce62ddeadb3e4ef46260ca9c
f659b6d95452ac339ae587686e55aacd3374d5095d35b7b820ecda352ba57034,56ba03d5fe003f6dd739bcc2d5bed1f49c3a8f1d7e1283e6036d06e2c8b878b1,136e18a63a4d0e3d9deded8b06559ea91c7baab4ed06c90d63a6a5b5523a6d0c
f773c8cc4592e434dfc290f2e3b612c55e29dd93f18d1af07611c72f8f56af21,6e5728cbcabbfdaa1efa05c92b1a7c930454890204e6a04fb38bd2a281ca5026,2e8dfc700714ea41318ae2fe0387fb6c8b0a770580be5a3711fe25cd6c23c31c
f7e4e465fef77b1a7a288e33c3c3663e21e82e3c22255dd68075b0636760fd00,798fb89697bb5f5b18902a8de8829fb74c4fd5014ae06307ab03a3794fe5282f,931945227461e62c3a6d5d2d7ddabde2c77b41447b78c8a0bbf93448a44cc775
fb381f2df82d40e5d35a464670de2191d002dcd7401637c2a1f9e1b64e3c93c9,fc5099fdb2c61fbf1f76a5d8e68b64df1aa2c0a929e396113800101e493ee2cb,b34b8d97deb35ed453ef9d4c9e97fe059358c90115217df899a8e9e3fd30271e
fb624b982eee2b41dac9c75da7a716f015f6525ac1e2cca8199a31c15ee25a67,8cdadaad82c8b297afe06b7771bfd9796046ca158dba064d1375e9bf29592c76,7d847204dddcab4c58906c7e90c8672543ddea21c8bc3fa7822bde3a4c42f16c
fbcd87358c5dbad977775f2479d7e4ecc34c330ed3f82d6e99918f3f12de18c8,245ccc05efbf624368aa07953ce37cd08a04e5c989cda415666b309787858e43,bcf63e19fee14958e13aaeaef695d95aae4ce637ede3dd1eb92cf53cbffe970e
fbe613cbbc339ab0f7cadb510d7160bf644a719baf678349b9d509875c34d4e5,ce1f1c1f73196e1c8f2e65ead68dcc7cb871110224e713a6378b9b4eb9e6d3dd,7580c94abeef6f9f9e1752d17c20d79e51b8b22ef06873d99d8176c64256c18c
fe5e76b7ec65ba460442076e084fd82fd041f3933e3f1aa31c2dafa2dad71f5e,17a51977bf6ff9cd5ff67a63be3ab8503e5ff4bd3edf2d22e9bb20329900c966,35b1cc1949d42e939caf87194448fe870b1548749e7c9add92c1082c902d90d5
fe8b9b1cc8133e9ce8592aab702e7cbc93be6c6e66eed566d0977126a73862d4,e7ebfeb2ef23cb8e12aca6d1b1269b9242103c2a4b5b95b72fc314692955415c,5d35e84c6270f87cba023cbc9836ec3ed31224eafedc1da62a036f9a533fc749
ff23695a03077025bc719d7a4765b7e753bb318b1fc1b8ceef508eb1af12e901,19afe3f33aa3e450d9a9480b9fa63985b1eeac3050fc1e5e9be989cf71a8094d,c21858c46f0b9e3a5f23af1a3e82079376b9fb57ac29c8124635bfe31f19447e
ff3391269a3696b6e071ee44bb75e6cefc0a11b2bb9afa209bc3c4d74823df9c,5746cae60b4f59ba2ae460b246ead9e5ad7477b6b1544cc616923fd398722025,797f74c4280949b4cd2fc4d19a0f3a3a7a5501c78a4f3b89f5a3d86a642d2c34
ff55d795d457cea459c182ab791ed78a1884b14fccb1ecdc95b8a34baf96bdcd,3de2c10f703cb4f1a790c30a2bb7a9f3e7fe82b5f2bdaa1d4c6f61f35b63ae2c,4565d65711fc0473294dc6638b55e041180368b3694640f3c4223bdd617688cb
