id,pred_id,succ_id
003eccf19d0e76e14a57c8ceb0f874304af1df2cb558e11411a13fcb5776f166,e95b64c140bd835dc2385e774b037806fb98bb30ba702fda99c1170492ebfe42,dc79d036f2617b146e471d604c997d224053847a86167d76bc46b118fd2474e2
00f2f0298e94f5cee393ce253e564765ad6cf85d3807dd07ed5823b07c85733a,53d957b84a8b002ef8d2087cc6312813c729d6c249dcd3c9f1674998bbabf590,d9d148da86c8b6f3921d94a17e9a18862a1d2a50f7fa38eabdd36b1494688874
0115455b81d59b050020ab0ed9109243fe1c4b1990d91cc0ba877d2e40add42b,63062bfb462861e2dd1b918e5926586070023132ce7079f8e0dcd702ef208a19,ae2e2039624943fc309b61b382f21a34b2b1102640835822242488603c53a64e
02f56cdd66a0c4c66a8c0c454901e1d446811bbe88b417ed57a4aec4af0d3c8a,8cdadaad82c8b297afe06b7771bfd9796046ca158dba064d1375e9bf29592c76,ec785ee162946293b1aaa12bd45c78095e9953cda1525aac41408838c8319d7d
0364ed838587c1ddb5573e2473743c84bfda1f1428eb94927a634e5ad8e180b6,5001f6ac1bdeb5eb4b02e0f7a5e9f5f3c5e68625656656f1dcc9977573bc5bd3,0f99a31cde637ecddbefc27e92056f2e597c315bdb67d50ac65db802975ef63c
04fa6ccc5dbad42f9e096afe1b564cbf6516a03795d5456fc8762c707a652b95,99f80cae4b47747501e93c0e99e78b96fb69c7f1f6a8112fef78757c2bd53ea1,415cb3de5e170e56809235cf9e26ed90e7900ca6d9be35a8aabd6c2f52858cbf
059b0f43b012afef9f351fea96b448f8ae882718dea67246586ddf1869e3393a,e61c76c4e1de4bcf05186e27dfa31d8874d71cafb23e5bca49117fe42ed20953,4ea7ddad186bb6ecf1bfb982c2e6bdc809ecab082e00515822fb417f2d2b262c
074bf91935c3dae6d44982544d1a0a3fa92bc30300d84d98a8a9ebe05478bc08,1570bcee5260ecf51cb0b9e39dffc8a3e5c4dc7920ab65de2826a5082eb441a0,0fe5793c338a0bb121336f098c32cfc69a7369bbea72345ea3b13c02e8529088
07b06bd735d121c08d14fb7dd0f57340b9c09a475c46eee81d75a643d8fa2aec,a4534388a99d5384d0ae6538db6a88d8b21f3c9330c3c03118b4260eb06d1bfe,30d5b4cabcd87d2079f0770411649ca414f1a7328bf0af882d52da56ed91550a
07bdcd0f7611b553228b679325956f844aeb0c1ceb01be9c4e9a40cc3f0c538e,794a0990bc63d2604d6e78a5e2fcddc56f38b8af4097f61c1bafee0ec934c4f8,8bfe22795d25bf952bc0611e573b8ec322f2640b92982baaa1819fa5c5f87466
0845584caeff561d56b2d14f97f26978450207bde26f7294cbf198551dedca79,3e670f17580441f73f3fe9f0e949ae88cd3e7897208907ed5d163d321e9aa63a,97f2cb04b98aabaf7e469ba8b502834ab10cbc3068c765c379d40bd766946d45
0963055e302d360f6af601632e540e3e5d0b2aa4f1b062924e1835dea95d2586,b26a212fc836aa7a1b49bec7adc730b213ed6c5e29c45da0089ffe240f3eb261,c17afdf5fce1c2ee16ab161eae92549baca0aeda8c1634bc0551588b6eb472ae
0aaca52d8e9662f48e2f1e17fa7cef52146fcb85effaa93d49f85ab7cd40e24a,28e3b93b03896449f96908671d3cbc85b110947e4bfd43dd425d4eece5193c99,d9f626b65586ca534164ed75b56dd3d0ddb7bfd22c83125fec79b0d83fbc7808
0b2a2a1cc12f2c1c7205f321cac07b11699708faf1bd601ea2af5c92c98a52cd,521600c5d5c3a2eb63c53bd8e1f6117a154acb23f0f7fac9d368071b3087396f,1fc7a79b7972a580db91d67db2b14d9624cc1eeb0c31bed5c3f91af5f40e5e74
0b49ab72c65fd50c6d88e6e4beee6533a9e15258d068ba7c18c600617602312e,a6fce268b03fc0c09b637d8f48a1aa0175bb9a67800267eb47749fbabe5c5b71,0617741dda237b9dd582ee5124cffa07f3b5397797d92938158bbc17ded5cc3d
0bcc1070f91bb7fd4fca40c19f522ee39e332ac888d6af0529475417130f4484,dae2305355bdb965a3d56c5036da6c62c968eb397e38695e7d2ef83deff29456,c60683738233c89567bfb1827d174f35b551bec018bfe70d8ee713f1a1aca0cf
0d3a0400465d90579f11113c22a06c8507bd338442d1aa6503266476609f6287,c797da836b6b2d8a16ba50ceca63262bd57bb3ca3533567e01287466f59f13d8,3454f1c911943e92a0ff872ceef00f10892a2ace618e540ee098d15a451e80b9
0d6027e36a5a5ce76389763e737dc91a46d962997f37b50480eec1bfc2b43b87,16b4a09500e97d19b41d1f235f8b94de71be1716e39fdeabfa0795abb75b072a,a7ad93b226a651ab2eaea7073c004aaf9e28fad4c5108d54d457418da8497f04
0e1d87f3465dbb9f2ef763971f03fb4615a7ceddde3da4c056f616f2239d889e,adb715644b051b1ce7a27ccc39264af6e467a4d01e5a30ea019e61337fb93ee1,1fe6664d1f670afa0c5814b5dad949a0984f980225e2a402aa5db0c946780005
0e962e2379d3e03f27f308745fa146360e56c9ecc449b9d2905ec417d8213abf,332cfe8f1e8f79e668b4054da16e7510ff9f48f9442c09453ded27fd7ae081c0,6c069e735286d0fd6f7d92faa46f7a4c47d38d5207dc2c0b624330291846d18f
0ea4918a6fd8c4440d950ff4e1f72faa2d8a6aafea1eb0b267209f26af024395,bf49d14c282785956bc0d9bdd52cf2a73c2ec648c8f3b95bbae8fcc24c8638a1,1b929a0b8c7efa62bd62ba85dfa8055598a247cdb8f84bc318b7d2286febfdf2
0f963434677ace60f5fb51c6cc21c6b96ba93b80686ef9a1e1dd6c1555cc4081,71295136affe8d853db5f4deac67878a4135c69261488b3572503ad1074bf49f,252f4303e58bdb900545b37dae8254d7cd5b34552ebbe9f34f4664641c13ca6e
0fd4327566a15222b768df5eedff676cb9f395c8984a4161893436ec0467056a,8bc1061e81c55f02bf567a6631b8f8255d0031e9e9ce0339ec9729f9fa5fff17,a90a986e071e4dc89c3721f16d8f1fc35ad3b60bee43f722f7b4333ecb7d1e7a
0fed9d185ea240ab58229675341412913b47e5ef7514afac7094884c31653053,2c3327d1d96dc9c19665dc55153f3eb14b7578d90d681c19a1d1e793159099dd,6fe3fcaabbf244a00651bb142d9c7ed8c4d3ef88fa946d34f18fdd92d96cea1c
1014d7a2171c5d7eb8c34e22895e2d7b4cc16153446965888324a19cef469429,491f4deb1b7dc0d5137719854317d5c58a027b38529fed9f95198f7ec94a7798,25a2a239b938e32fe25db86f7443eee9c8a9e08166b2f1f4fecd54b1e8bc4d3a
110302a8cda22e8673fa8adebda1588af3ef0c91f04e9baa02afc6d9e1d8249f,97282309621139ccca3c829d23507d0de5ed752ea9e846161b4f2f50251d5a3c,ae11b0605ff7fb39a31628181edeac7a0590bc93f6720c0fe93da434b2d226d7
113c682b76ae87de8b746cd4f995c29676825c9e24f200d970a4e57ef33aabf2,128ecbe518c070e71b443cbf7fd12bd0d8744d2b238ace7f8dc8dfb6555e8a51,c499427b3e769f2179f18d569f0f41fea66a46d33422a412555ab6871aea9e0a
11cc3319a8d50761ec2e63d9be6c9eb027c64921a4224e628da95da510f5c275,5a513ed1f11e0113ec0ae3bed9d5025a099d5f6721c554498bcee02dd4aefd15,9158506993d4f71d307b90a4c7bbcac1e1a4d9f2f5ad273e32c0bbcd6af4bce3
13ec4cf38e2952fc6ad936c8643cc5478505dbc8653d8cb4810c229d46f0a93d,4ddb9b98ebd02eca069c9cc210037d3c3e89036c81fb7517cc9dc58205fce512,559ffedb517d9bca287e7e604b0df51d057da5818817166d8acd1993e02501c8
140516cdc4d8c946046a4bfd4694a9eb50271ca3f3dacb190bbe95dcbc702de3,502c61a5ed29d699439de9bf83dbc0e5484e8c296ccacb5f563e945e6104bd66,f9f635b487c3e63452862e49603ca47707022c6380a55a7a4c6eb2ef12a4573a
14ad7545366ef10271656ad9de8fe3069dd892ad657a7d280d73324753b72b67,01dbd5de7926878619b921f2bf83647708229a90b788fab6142cf16c13652ae3,ac6bddaf8b25d085596d63cddbfdf7237b0bc9c3c94c0b4dd1c669200f9d209a
152d6fc47b577b4e9b950b5dab11b5406a5f21af6683ff5dde912cfb67caf7cc,778de4ff2a4a85f41ea2e4b6e82277373d60880482c0eb3e08be2256176fc6d7,13e840a1bb28b82a60d2cc701066a018b75f75dc3c8590a389fa4e38f0b720e1
1581982bedbc9873f950e30869ca19d0308d652fc9cef8d1dfcd4b003256d75d,a1ad6dac9b4d093fb7db1c4fd85ce4e9d77d421ce5630a2cd6322de90c642576,53146b73c1ba724ffb7340c1f6ccbd771e5ab87bc94b11ab7a74b6b0b5f73eb9
15a15368346b60e440d6068a711fcf8cd79b10b58d50be3695ef888529fb3d6a,12e00f8738fc0f209fa97cd9d722751ba50703252b57362904658ef3bf539998,05aecd517846f6c1b0cda119491a3cffbbeacd4af41bc6e12dec041728656fd7
175558596a74f3efd69bb5e7046fc36883ef7c7b75b5b2b98ae4dcdb54e86ea7,f9242f40f60bed5ee4ef56fb9b82b59347a369619642e017181bc266dd56a722,ca00f72d64b0eda781af26450bc4da146e86fa1dfb1f2804d5104ccae8a2be76
1762e1783b73f8b31aef5c384994a33f14dbd46e7363aa85c0c6edb7229631d8,190c127d80b0a9f5ce0d0d32854d814fd71ab15321f014169d62158f0271072b,9474bc5d25ce986a6b95639720623bc061828e3d26dddd86e8259396888bcaef
17830bf45a84e541e802c32799e031abca1fcab9318e48c957f94302f825de2b,3aedb05b830768a8553ba91bdb99ff6754e37585d144ccbc9112682a382219b4,91866d133af8bcbcf6de7a516cd3ec1bd1b2fba2d84ff9e379c229e647a0e34d
186ee434298b5e67acbbb7804e4f3ff133cb3e5dfa0df0765a2b3c284d67dd64,64e0c53b81e432a4c6c34e8f6ca6d07ca76be5b1f2f144c7267ab9a5ff6511e8,84c684c5ed773ca22f73072cf37be892329f3a334784c693b9c16cbd10f72a07
1926082372d2ba6c8a0d01113a9e3d1c8d023a86bc3a15b106b50161b4ff2fb9,6e497553c2333c1c2e373508b02535943b1e8b495df3f02add99f0a0bd61c280,7214cdd932affb2fca38fa50f0f25197f3e576f03ce5e3ef890334f6bbdb8e93
19a6d5a38cc8d32fce227667748c8896657a8e7277ecdd0a72ef5673d494bfbd,f1894e990ff5c43fa294ffb408418ae88e5d877c8c4da7252d7098eac4d76ae5,d231f70bc0353c983d1446442e623b6706b66be3c1c18597a72d45fc35717820
1a223d7353e9a787839512235eea4d4a9268d58c8b1137281cbea3e5f7995aa3,82c272135a84f21b8046e52d109b18d53ec97df53f1e81e9bdf0c6446e25ec4f,7c840b69dbe5e73aaed7b0daff1afec6d039ff04cadaf45eef819ab4a9e15c57
1a9a0f324805f80ae6a755297d6fced7f30a725c7cd226c9f0dccdac06cfd745,2877bd4cdd98f0f66a99ea7a17e428d03ebec9e567cde89551d9176adcc624b9,3546ee5014bdfe2c33a96d89da024dd132adf95d97e3512b28a1b7778a1533eb
1ac041cc9428c06df2385a2bc376f0b3348e5198be3ed684cd9ac647c84be6fd,a9e7c5ccb136876667a973c30388c874e6e5c931e17a0ed6300a0de4aff32bd0,7491b327a0314521b579427d8a72836ec6c87e0ddfdf0b8d0c059e0cb9a092ff
1b028621ebca07e34ead165cba8cde583ed72943e2966c937df802f6b6c2b416,97a3738b891939180131fb95d5eb9f18396a6d669d4987bd4b500598858156a5,dccfc81ccc063896058510dd2c716ff03022e0561bbb05f8e43e90e32a5b11c1
1cdbd5d8e7a1f47fe934d175bce6f510a5bdd4a6335a3d37b706181034046e39,043488019e555e3cd056493b2fe4778e532b5ba15902faf78059ceb06255cea2,d4d41adb88568091f28535c02794d35c6191129e5c69c1d97ebedad57c9fe806
1db9fc37eb76964cdd9155b8442eff798b188c3765b70979901a99a9df781a9a,91e3fdfa72e6014288b341c812342dd58f33474cfb5a0c32aa467084d7c43e6d,259890e507ff310e8388b11cb537911d929c496a1072667c8875cc2c0fcd4742
1ded57548fc602ab45d88c2e9074b92f34444df7c736c9d3029bafa6b67dfb8e,c8c5fea8ae5665beffb366baef8807813ff0efe7fefd43c4cfde71898891f587,537e2e4571f44941747cb8c9ae5f7fd23fc009188a2dc9d7763b4a4daf8449e8
1f5de5902b74664a86c8d676abe1ab225684f7d272056c384b671b06edc92b10,a617ea2f4c5cf3047fd14b50ecaa0e0a9447001d9a28925f1d82ea04d7737132,08e0de7998453edfa6f0a3f4475133a1fd90f2649d581c2a33053fa7f3f4d403
1f7da1dadd8633c771e7f6b7ab06571991649f30be32199f1818250b22c80680,398794dd346bfc76a30cce30b767ff88634d891d9fe6c206ba71a511392db9ee,3c7d902c19a07d56155bbbc6f5df0d1b1dcc54f9f55f4875ae86ecf7c95aae6a
1feea0dfce9d751dc0b73e273e7fd01c6606509ba2ca86fe14f59508a1055e11,2930d76db9df089af4650d91a7c8eaa6e580f46a4d821d263891f34334f90b34,4b04c7ae763906bd4679c2733968fda10e6f30c3931bac6512f842cefff8639c
2197eeb32f50d3c65025eb5898f054860e66185d81d3e211a633697af540954f,f38538aacce4e28a797bb33d2987c8eba1d67928115a82d4fe463bb2bcd0702a,c597f8621c3a673daab7d5fd9a8e7e28fb84c759089e472d667b6b23ef6eadf5
219856bfb3860f8c897fb73c8b0e0317b3b817505c77374f6d3934eff807f493,a38c4d3a8f7845be44e84c2a5438e9ce1d323366fe6392c9daeafb7f29feb642,9b7dea10e49a2398566bce14b39ee26eaeab66d8764ed044bad2523c1cdd6815
219ce87582418ebdf6b9116bc8decdb9f4f2c4b17d27a7f1b0bc796d2364246f,7bbc4102a591e733e1b8bcee58743549794acfb7847874f9f1f29822de66d6b7,de76899ddf820e4037612329583e3538dc21d67ccedc4579b31f1a2e7c38bd52
2220d187d51e6a4633203ffb6e86ccd23e2d35865bdca69f24aa871b24912d98,9e01f54b9c5ac279c7f56918758dbebe438b6fa71ffe1cea5632e3368a79be5e,ce6b5048d16b0e9401325201a572ec580d7cbe191a1203f2007162b7a87c7beb
2576f4e282e9d1bd859212040cb0f3544663cbf1e78498776f371aaa1068e3e2,3b123e1e6edc1a8ca003f4230aa666febbbbf313cd9d60d25cb9bcdb98fb719a,964b80cb946e6307904d9c7d243d6c3aa350c22f26002a28a029ec79f52c38f4
25f272e9bdb41fc3e1ddc082f580ea92bbbc1aa83a752b8ffe7674993ac7b2f0,7df977b148177d0867e5a40c3c342b8049febefbe9e3ed2f07de6e401fdc0829,e64ea38a56322c39c5abb47b40b517b50d2bf04c02dc65d328e9fe57f4a219aa
26891c6fa93fcd1b41657d9e038b976f7940589c77e6d3a879f850e4f7cdbc95,af6966b0d13ff743b9140b9bc544a1feda2f3b22e7ce1f18daf0d97cb37acec5,433d7625c3abe4ba776b71feaca11f0fa3f1125453afd0cf96db1faff5306b30
269c91ac524a582501fc12d2c3cac41a08a5acdb886f3de3c734668415260f6c,792d9c77681ebd39ee575bc0d8bd2cfc8d279e38adba8b6c5f268621ce0427c4,5bdb1362e87fba35cf1cb7a627f4209eebcc978430b8c7ec3d4afec2f76fd467
26b3091a431b00283986577cfc3643d6fb61ae39f156c0920ed2f8b635dc41b8,3b2a97662eb2ffd6a0e4fff0983ab8a35325ad90320f5a5e599b1e35ecf06082,cb30db472b8d26b8587d1163de5c6e05943bb567f60947471e8f4aedbdbf8874
2770b385c855b915534823b93fbf1298a2deec7d398995e404fa673053a0fb55,aae96b41589a8fe9faddc12f8f4ea22d8e4c47972eccad8fd345f2b5565d216d,df2c47edf77a8dc580c4d76a64f9555e06f6605dfb1d3933330d72f777866a04
297bfdbd9ce83238fd96cf2949a82f54673fed446d146dfc61d3d9b0f09f0a21,711c918d185da60e1fa9fe8f35d8f34d78ae9f8f531c13ae498c61ea30edce3b,4aafc12bc8c3838cd1f16022908ef60b46fe1abbeaf2c18b175a88554deddae3
2a0a8b06e78dff36738a81fdd3006b6d4888834adfe954dfa9d7dc9a5bb0ff45,b4374f4e543ff45e376efe33ab973be4c8229874f9eacd06f6b61922a9630074,b227eeff7580b8c6e39bc14c378c8b190e9f7dcd1bd43690f2e63d6dcd5343be
2a7fa224f5e760bc96d0205e9a3de157af4cdeaefab7e8d5b202a9308d08e94f,fac6f3ed85ed797d7f6219204a475586722cf131fcd0d4e5d7101cfbe7fe5be8,cf28f10a4bd1d95d2bdfd4235d15f66060155762ed01933daf433f2e6e58dbad
2b77647ac5817f83b3ba16ce0b7e74c5d524cf2f816b6fa7c26a78288e3bb803,f14ec11d0a722ff7f300cdbba4fa83bc8de6bad981118424c8d7525d8804d29d,04dc6434965322fd1c50262b2a39dfba8e8d5d99cbfbd754f792f96f156016e6
2c251a6ef2de40ac930456b081603001408961b5434094f7299b87a5a797876b,d9f626b65586ca534164ed75b56dd3d0ddb7bfd22c83125fec79b0d83fbc7808,d83a54447c666b6745dd8e9962c3f2eb02ca8237c164fee5bdb145107ee795a6
2c5f7065c10f6bb804b60bf1a74a45931c3993323183cbde8334a74c4909c49b,a31ca3e1b16895f657dbe60df9d1fdfed01b879ff4285beb29352e0fa57e2013,26aa84f4cf650272a2999f0d5ece7181fd1b1a70ae7dcc94e993187db1dec351
2c7d3a0388ee8c73b8c6d7b3ed139b3f107b8930e04681ec61800f59a2f1e266,9ebab38215b461c9917466128142fe5e4e48d3486489b34dab97f23432fa3b61,6a54f9f895691b01ec7d5acc241005b4be36eb3c47d2d84c65934a15a853505f
2cbb594f8c6b21d48275ff6023df12334457a3937cd9301d9b1b3d7bac087551,1ec5fdb79c6ef269eb7ed9354d9b5d038eee9b1abd6d309dcf9be973cbbac4bb,fe029a811793bf7b6a49e73f03e26f1ca717137dce81b4a3a87f493176cd8832
2cde47ff5e4e78fac4dfb1f637c194cc6d9ec3d89cc7fac19475bfb8cbfa1223,27b248480f3327b581e4f23f8a4f62ee3ee24bc3d484f306f2fee8eb9242ca5c,67eaf2e42bc3ed172e57e2ffb2da007f945f1328b5cb5a40133e04c35655e8da
2eaea8908c73807b0e2063543ecdedc36d745eea1d556f8eca8afa51b451c674,71e46e8b73a62c884187c18df2dc8e33baae01a8f5857b27860c50ad78d2c0f4,c797da836b6b2d8a16ba50ceca63262bd57bb3ca3533567e01287466f59f13d8
2ee3f3de6ecac195f1309895dd9255d005b50288f1fa03a499405d7e26bdc3b8,8833ce0d735ce27249c95ff04fcd67afcdaee9ec0e8c705023114918cc9edd36,bb5e56750310c795f929f3c784402d5cafb81584c1c0910bcab28bb9ecdecaac
2ef3a2d9feebbf2f0128cfd3dc7c0a206fe688976fb8ef68082124ed4e20a73b,ba99fdcc6df4b15c22a6ac36e5e2e8b9b2b000f6972c4330a998785eec43ee51,c1bb9ed1715e3c5f8f5ad1f5962e24914b32bd80499160414c7dad4364bb7ef5
2f0b3b2f5fc085a38417e29804ec9a69a001db666e44278d3640f66d87c03e1c,2655de6fb440a5737c46a273f3cdf85fd3d61b49fc4644a83e525400bf3a5834,134f59daa662c20fdeab956fcb84578e6e43418ea5d10f9fb9cf3e2c23b573cd
303e73fa7744e73e7b8dd03afd6e5de67c54280009e8de58e9c7b4c186aceedf,4a9510d578c2cf5aee5fce73f5d12c1637928c2ccb867ce24478be2ac645ebfe,fa0888ed3aa9680696abeb3159f921ea245a418a19734f90990ff774457f8277
305c559e2a31484dfefa6419f8df76d852279bdf398ebb97ae3cc89f03fb61bf,7b7859400cbb08f9124bbe8b0790749cddba4ab9ccd4ab9b16e23dc053aff898,222dc7f3682284d20ac3912ad3da68630fc0cb66ed287c954593270654ae75ee
32083e19d03862a3e98bb71d4caf04985634f6ad52ddbd80edc3db17a56f109e,b4c4d87772b34b62f19d4bdb88860744e1fc1050fcdfdeac34da48a95cd890c3,0c17780e63329902f56c101b8231f4bdc09d7441429bacb1eb4a90699d8b3baf
3395a9640aa5a64eed1ee3c355dd9377f8f23a5b6ae2f75a1a18eff7d8525ee4,247c9170d50638364783bab06463fa8272d9ed2b207c482b0ae07f3e1cead888,7bbc4102a591e733e1b8bcee58743549794acfb7847874f9f1f29822de66d6b7
344f5368709185c638856549e3655ff71a3ff9f87f7055627b4d56907ab8d5b9,b909af9a3a280c6a78918615842937e3c3faea249496ba05dfb1fd2848976bce,1edb5e68813a2e269eb0c9ee40862bcd7eb3181c18f3ca63dc73a5bf0b4bfb74
3522bdf6d92dd6ea19f873312a60ac474eb8a7cf4698aa3e3d722b1ee8ed6898,c97db77978b8d48896b6c12ae4214009f9332ef024674d06c0fb736e344c650c,205ef4b274ca8e85d30774c2fa934cf732c7c10072b440e2e7f9160b52820840
354461bf3ccc48bbbb79321d4dbb8fbda0559a6c489684c4973bc085c0adddb7,0f99a31cde637ecddbefc27e92056f2e597c315bdb67d50ac65db802975ef63c,be7456828ea81ed10db33b420907d64d4f669bfeab851ee156af8482da46fcfe
35471234b8ceb3c98b19708cfc9591a364a4d62157090a7365ba8bc96a73033d,56ba03d5fe003f6dd739bcc2d5bed1f49c3a8f1d7e1283e6036d06e2c8b878b1,c0be4b52731899ba42e28f784b96bfb2e3b17cdef413b1ba17708ba80964f985
356f23e79a160d4ef12c4fc95e238ae448f8a2e8b1c1be36208dfdbe4dc019af,0d3c707126247e868f40adf3de3a0c1a2287657cf8c41f9cbb7b9def796be4a6,962f14209f819463cef5bc6fcf3ac3ae2ea676d99d1a6c474d34873acae62cf4
35e51ef93f5535274f7113b7e7dbe766068818400277f72a85f743dde8bce2e9,7b55c999b8ef4a14f71f1b0519a142802b3b4407ec3f7fe309c6e79109d3107c,48e0efa2ab6126108044e1d8cd05c3bb140fb114299364f92c9b1de713961448
3614b9fc137f1538ad319734c350d6472ab03d0a382f8966470d9499671d9b05,862363876fd931a81b193ff232ab7dcb7b563d61e27c816693dd77bf3028f863,8007596dd2805dba9d22c5c862a4e3c25fbc8f070aa264eac78d0c282465ecfe
36345bc2cdaf8e90676e43e75b51f8c3555749f1068f2c747e66e366160abbaa,64e0c53b81e432a4c6c34e8f6ca6d07ca76be5b1f2f144c7267ab9a5ff6511e8,b2bb47b18198c43db88937cec8bff5a09f5c81028cbaf763eb8a597af917c45b
3678dd8e60626254db20f8a8aa1430151b4b76841858410441f68dbee31c733d,509df526031d49e90a452bb8c9bea17d28a847f8ab4489a7f1e8cf6c7794610b,3aa03e775b8d54ade4423a1e40a9c8ee211edf2eb64c52c207fd274f6dbfd497
36cfc9baacbc96a8cf9a28d7c38a2bf49f305e0e966af2f9ad5da95e789ae6d5,fce7323bcba8dce7135d799fa70cb3510f932ec693ff7824376791e5e6481bab,7e14c56e03efcc9b1b7adfc8dcf6a6963cc21d3857f6f042fb45021b700c4880
36d6def95c3affb878f2d64447b382a766e8800e1879d6c26d3b3c0793d4716a,cf968e44c2a2109f8a0af7afc36c7e90d8f6af8c521833037d455c5a3ac26715,50a7f3725fd40278353c2f95362b92bf9b390c8636533fbf09bbccfeebab6d7f
36fe97c5ee5d5ff423f5cd8d379062120d7384f8a0b107251f306805e3d4ea83,2adff095a73fd6d7d4273ee8e741f1fda291c81d31b85c81ffb7c9e73e806cb6,bf2fd858fa3bd17f42472681c275c3e786e5212628f9c7bdb961e8684d3563fe
3711265b3665f84ead84d982277c1569f5b4269f72b2d14d4547f9b0a51b6e51,0eb49fb1c3fb3c3b31321b4ad98ec74e42d19b69ddf0dc09ef9a777965e35627,8badbfe44eacb31eb9a94137f47364c10c5c3d992ff04f7905fab00d25afd523
38a058fa00384ac52d2009737640d341a9f526ea07a1641e6dad018cca46d0dd,eacee5d3d6cf4f2e11546e98e3642839b3359714babc64d878e9fb14f2c875f5,732c866b38dbe10a2a8f3743656e54bd24e90a490ac5aef8f13775b0495ba04a
3976bf525642304012f62287f815b7527f885ba4e3b0fee96eeef049fbb9b1f9,91e3fdfa72e6014288b341c812342dd58f33474cfb5a0c32aa467084d7c43e6d,1ba79c6efcdae2d25a3a2e28f68d9f194ddce99c043fbaa9a66e155fd698435c
39e04c5f269a7971cef1083c1e45ec529dcda37e5f223a91e09dbf5301213024,07558c3f11933bdce7a7dae77985331bacd7dd291f61122fa133cb33161df7ae,465c92d2331d424fe818eb1a6781f81b09ed5fb3cd3323e04827aa2125a25875
3abe0832d8474aff3bebdb07cfaea3647409056d04a579d8c0acb652b8c728c8,7fe21d72b7caa240a9271e149da9366dc785f423ae1a0de5737ac72e4220c587,3e2a84ebba680f690c8c26437c01a1e37e0d5592827bd90b9c8d14150e00ead9
3be339268750612244ae3b81e843a622ccc598a71e1382b119ac52fb69b94fba,c0171d6efa35fe14b5f31691ac8f0073275577962a367c24f7690ed67ac61c27,3536101c9c59e1fd6a4421cfec4bf6eaac42b2e2267e354e56741cc975e128f8
3c8d1c8a0bcf6d627ee497b274746579d41cdc66e632a71c46c90e48c18f4f58,98a5f5204c8e5b91d834dd9b474a941715d5b707376f11c0037449978121eaed,fd219a63d7d1d30d9eb65b5b74eee7a8b99ba5a5ff891572cb302757fe16a135
3d3a9673d90581f0a3b170cb8e05d057610885cb5896687764cb0198d962205f,21134467bdec06e6810b8a07b0fe5803eb13bef7393b644f38cfdf141bbc5ddb,29fa6b2e6763633b29b994c7b1f0e192f17aad36d04ca60e9cc2772396c1f4b2
40a8708fbbcca84893ffc94d49e9dc53548b124d0e2d0adc8beb780d6a77c25f,31ae1bc86728312aa52cf79ddb2b44a1736b63be430ea05a34017b9203cd91ad,314dc6cfaf1a9f195fb6423f6d5e58492a97cd2112569a5a47cb1be5e0922d16
41f73fbe14544129d3f2f9101736b6c304b8915e7d6c0d7774116016b66eaae7,40635bb35b34b8034a8b1b69720716271f8e1d43e70d2c33743319ac625269f2,3ed4dcb120097f39e3bcb4679a8fe1e2c0c06a562b9547e8d4f8d83a3c6f9aba
428d60b2d889265d9537be648f5f2dd2adb74b96fed4c31a9747a14e82536dc2,b67cb12dd09472df7f1c522fbdc33b53b433d873e48ff48f94824f3f548d1aa3,07dbcda5df4f27bcf7c1dcf22181113cf3bb7f0fbd17f9b87a5b31e2a41e2582
42a708650395f4eb9fc740a4e94f868ca745fbcc4f7dbad5a3a0ae9dafbd4025,52bd70b80406bbffbade6672e30565e6622f4e91dbc5f5aeb8e5969796e8ffb7,f0472f36ec0039f24d27e53468c2db9b706c5f10c8f2e44822f36f7ba985e912
44ccc937c7367b1576a26f24149977cd69e346fbe906f48069bb3f971910d52a,b983ec1dc0e36c00e461eae4b1535070dd93b93f5010dfb306aea3be7c89a0df,a1a40f746b24319920fa751f3763ead248377977ffbbe4e01c76597ebde8c1f6
45c418302be8aa31b104b3ac0e430ec8c881aaaa6b38c5c63800189aa78c7e6f,d1c99f02880ed23143503fd4fc46317a3e236d3e6968ef1fa02375e5b356cf60,6f9738352cd68f44c6719b733537fd365d6ac70a4baa63b73189014a84d81e2d
461ab4997f894a9f9f70938ffc26f33b49b389be21e790981fbb09c7f27c28ac,6a19731715db93a65b10e63deab4de5856c24a59604ff5478ce8f862ab4c3d18,7422c5f754675050b401eea8adac28c71bc2d7eb269641bad36af42228a640fb
46830e013735a0b9b9b153f42c520d87829a678c28fcd5afd47c161c60f15152,21134467bdec06e6810b8a07b0fe5803eb13bef7393b644f38cfdf141bbc5ddb,f1744c2d5718057c1babd0a3dd9ce297e464dc0062fac1b106ca7a0f13048847
469a5c32dd870cf620e7eebd885fb8edb77d9d71febd81fe550e9872f189746a,ee503770ab6733655dd203209131621618688c5ba42ef75f9db92ca086125593,6a1d7d65121d5a21470f9d2b1ada14464a1ddb4b47603f131f951b6ac6fa544f
46aed72d958e055e577b205cfc2b5ff740b8ff88ecfaed646dcb7e794f7b9ccb,16ebc4b08babb244c0acc83f815ed4f6bfbb3587262ee5c8ff2a90b89d2a4f79,165468982f4a8874ab0261d3ba86c7276c03025233df07bc76d08d4ade588307
475df9167370561088a7968ac7d6205bbdb4e07cde5ea8f856670a68af1de952,56cda8a092853647c6a8b873ff5f4796058f6268b462e089e4ec25c9d02b4c63,60f62822ddd0a8057c516613c8b510ce736c30dc1ced6208948c7b7e5b7f8283
477df5349c62841df218d17653acad14a0ba4bdc93d036e460ab7a84368a751a,b53f9e207873136a14d6467287e9a70a22c45787b1846643c7a468be87d90ed8,4f361982945d2271730adc6cf17de301084a4c72e87d05c663e44b7b4fa55009
483d24bb96f4332693bbeef75b70f805fa7170a6d910e2e885bb1c2af787230a,07dbcda5df4f27bcf7c1dcf22181113cf3bb7f0fbd17f9b87a5b31e2a41e2582,dfe45d033441ef64e822b95ca57ec07bf08076f3b0be1033421e9f6e98800a93
486395e0f18d8fe42f5c2a1096ceec77ccbb6adf679cf788c06ae460ca6ea90c,9819ba9107c8d4c2be0ba76402102330620552c40b5ff732b9f2ba1bf9d007aa,908d0b701dda2acf0096b36231677089e961986e40e5d45ade6b7cac7449110c
4989f493f75edb3e0a9b09c0e52aec83a808c19ce4afd762ddcefbcd7c0d7e4d,2fa54a0d38511130181cae9792e949fc1d745a5002c65cf287774805f9383e62,d6a789c10dd633f947338cb7f04152fe43631902eab3059502e1fe02f629e7d5
4a12a89e4cea43843e961039a612919f75cf04422945e7bdc189c9adef8dbaa4,72ce22f375f222d0d36dadaaed98a00639f59a40747d5a55ff7a67008a7f6b96,876cb354fc31785aad6103ae458278b0862f468bd81e7826647064a05233ea51
4a3dc4fdf3a06bfeb9cd508e4f90e3ce75ef62242e3d36345c2cda8a3b9dd0bf,7bbc4102a591e733e1b8bcee58743549794acfb7847874f9f1f29822de66d6b7,a0ebba113c8ec5469b9fbf83e6067f4453a437ef54c9a45388bf5ded9e5394c6
4a50833417b4f38f089a352da613b6c33ecebd9abd3a89964cf32e72f4f7bc9f,6bdba1b942d2bcb1b7db55fdd434e227668daad96ac5d30361ebf580edeceff9,960cd6b0f1cdef70f69ac5cc6016f47a4bb44638148f3e7f0757c2df31df2c48
4b0271ac621e47083c70323f65c97035f327cac6f5a841fc3b01d053a5d1472b,c0a29966817e66a45fff65e56ecdbbeb4a4998058b500e9c51a5ffe4389f4a0a,7d1d7c629c8e721a9177704721a0f227708ab15d9aee797991ba293b92d879cd
4bb884440506a9c5eaa497162d21be6a8233c97944c9cea5156bc82ef3840884,0cdedd0e4e20e4afb6abc086b32ab57f1821ecc3248e0f8bf88b2693d7a4a03c,71688960500c1536ab371a8c71ba34fb6a1b34d72e64f22dd3412dc04780ff80
4c0512f599fef02294ddf99c3e879dea30b15d19d6b3f1c14d14577a8062a33a,a0ebba113c8ec5469b9fbf83e6067f4453a437ef54c9a45388bf5ded9e5394c6,9d4fe7609f5c7e4e015cbd548911073f38ece814ded08e40ee99ed6658a9e261
4c1937eafde67be8ce43c7e01b02f7a881b275b337f554148780e66afaafa8c2,52bad6138a57343e9b5114589d25bca09a0cc4fc8e4b8be289c4db0c1d4067c5,9f01f398ea1f1845ff0200e2604a63c13fe91000e9dd30b0ac0563b3f8e52b37
4c6d67587a45a3bdeb4d49895ec291ff8264e57fd508db2a6049463911556701,3916584dfb3cf82918a58775d30ef5e7b3b6319c79092fe5db3d75d4377caaf8,03b69dfd0d2f5d4b4287651991b5945a5366c7aa810406df1a305fcdaf90b11f
4c7cd29d9ffb518a4322af0330be7f617f6198f90917306ed0099a6de0536571,d953d30a4cb4ea762d267b7c3b17e37ad4573c9ae621e6a09cd529a5ddd4eb1d,64b1b8ef52cfc77d3ef50c860f8ec80926eadba959d60d25b031a299e1889d4e
4d3ada5b9c88a67fb3bc64e3dfe465ea716f4a4ae69cfc5a091d051738ce1055,d1ba39f8138c85cb5d293557513284ec636b938ee6c685bb98bfa96646ba1fe6,a04a98ef389858e372dd900e963a1906621fd63f66993d6f64b48da316c79901
4db822fc63aa4a310516a2802d3e1f2b7d07a0dc647aea2c572af73dc3a1d07c,2f1bc9d6b008a615285dd01cbb586315f4a8d66545d6098551cb2da37affedd6,8553c238010fb0cb7647acd3a61ed7f49f3c1b440b41503f4c1241b6db85ea6e
4df4f1842748b1f84090645b28b87392648e9a7add8ad88fe72d154b17f4523d,cb702db3b4359384e8da990332bcabe9c5bfd983ba249e5e814d2040b33783f7,acecdd983b9149854ffbf88abc6f664cd0f003f59c3e95f95eb0c73e1257d13d
4f15cd0d8e6de35e419e85dfefa3569248b73e9b967043206678f271fc3c5afb,2a5155a6a2cb8b9acb9c6a77247238001e3da54fcbec1d15ef40abf35258d09a,ddd66a920ae6d0806d29bf5622001017262f7e0689dd28c4515c19e1e37799e6
5085ccf6882136c9f428c268ad85c445679cf6a38538fe05c5e3d2c278f653a5,119288df5d960caea8a222e8b26c08c17963dea4cfe684c98aef580619aa9ebf,3ed4dcb120097f39e3bcb4679a8fe1e2c0c06a562b9547e8d4f8d83a3c6f9aba
51e278299bccee2b8d08551c391cc166fda71b961a13c771f7f216679bf91c1e,8df651f5d49f1b6b7a3405c9f3739083f7856a2ed5efae22a629e4b18fea5f0f,c6763f29ff108299239a88650dd530ac12e1baea31769992fa35705296a44a43
5286881b8e3c1b100f3abfb9fad810b3c0a12de0ae68cceb62faef5b86d4469f,a8dd1d1a0e046f6f4b2386244b92e4ec20ce67d80f6ae4bebdeb5ddf1374708f,241971554b81d1c7f18ebe22f244ff260bf4304614dacb70f5f5ed676f5eb502
52e3f9fa7734b8c4418f1867630f78579813cc6f0e13f1a44e4de97bb84ac029,18bb2a66137b852eb5c3055586f5a14d3cc9b516c70e52072326bd5bd768300d,086342174eed4659e058784efa47485d013983089db4a51ac836f8e701727da7
5342382e4833d35c83ba5640228047c893b5dbcde3a93712f14b60387cfbb7fd,497544de43c251781c3c99595e2a687426c62a2b49d0b33a8b91f7bc2064c1e8,a5d7aa4133996d0c92dcf4f2f48630b95abcad6c48b67f0ce6091cbee2aaea55
537756b188beaff8ca40f1f6abbe136844a754899fa287e1fd2fe26f02cb11e4,4031e3db97b73f51b5de276d7eae246b3e2b2a02a0f05bddd197c2e644e35593,639d1b68514a5eb7ba8b8ae0b9cc2cde14bf813d26a95661e2368ae83b8fa714
53da937956f5fd6f92159d96e6529d8bce8c271fa0c33749ad024fc1df243b75,db19b054bc5d64ecdea4a4dfd8900a68ad47c451bb39d6f8c5ff64913666f3d3,887a52fd04cdb86fa4c68d52dea8ae3817006a1d8a9c8f70e8f2ee55b5aadbf3
53e60a0cc439ab293092178cf6ca83f87ffe939e15cec329fe4ead752d35e4c2,d9f626b65586ca534164ed75b56dd3d0ddb7bfd22c83125fec79b0d83fbc7808,707bbd41372fcdd76f4645f0c56d7dab1ac4172da44e7c7c83a6c7038c9e47a3
55b4c1eba0987379faacd0c1f0b4208d8c51d442a474059df3736c7af6b4279d,d21826746038dc3587259a2ac9a036d999d1614517473edeca2b1ffa8c21bfc9,b29dcf8ce11fc6a7cdefe116e8c308ff0891d0631891632b951300a799f9d232
56795007deeb76ad62360fbfd35659c0bf7a511376e522ec224a5ee5374c6804,326a54be487d780fe6733a4d9f81867deb1c3c03a3c888620ae2c4519fed9921,0d9ffd21055e47c3e85c4ede321dcb0225a05fdea3d9d0f6bb742c43dced547c
587e623cdda2f29a3fbbaaed3532b29943a43574f8eed6048b903351f9a35d53,0fa2464db8fff8cbbd6216a268619152a2b78586ebd09746012be748ab95c40d,85dfdfeddfe01d3ef91585d4925cd86d8532252852cf77ff11f528741c7d076d
596ccd289e9caf3679c7db9922b62594b4e72357d613eba24d2b2422dc78419f,4ba49813963cf987fe263e59dc93c79b9a88790b7cb682e9799ae84cf7486fd7,3a92f257a40bd8a301a9e351ca52f37a0b432c1cfc15ca9d2a13afb1429af59c
59f8315f6befa1b06f7fad2db505a2fdc564e6948888502cbcc05eda11aa912f,de76899ddf820e4037612329583e3538dc21d67ccedc4579b31f1a2e7c38bd52,9d4fe7609f5c7e4e015cbd548911073f38ece814ded08e40ee99ed6658a9e261
5a3035d6076302650f680d8b40ca339ac001c53c33c3545cbbc06c9785b7b20d,2b645f1c143f5cd726f15ef70489390b1df317cb18a36b0b483c238eccc4fcf2,acd34918e9c67d44b3ea2f37c71e2a56640f27e1a17308f80cd9fe2d318bde0d
5a58bc846d3a9f105fd22e04a89a84f8099c2356faab7c4f2d18076fc2acf78e,4138a725804b8a1b725baa119d8077a910a0b1b65601d38ddb73237aec51569e,961b212ff2cf9e9e1f8c658756e43f4fc6c90c5fed1cd12641d5d986325e5c8f
5a72f4988fd41a1e15303f28d0ed85bf18bf0ea28be5ceaf0d342186c9a99fd2,3cc39e3db5cdad3fc6567483776e3a319630f66c694de1fb2020533dfc0f82e7,85340021e1682c73275a9e6d65a8ec46764ac77c478db9c15c4b85a13b1f30da
5acb26cda932ae1b6502c3908fe7fbba4ce7687b356b5a78da68b65f07e3ef04,64e0c53b81e432a4c6c34e8f6ca6d07ca76be5b1f2f144c7267ab9a5ff6511e8,bef5ddedc59e681f0dc2730b42a3a3ac8e8a5d52d19784c992dfc5d1b48ecee8
5b624ca9bbad67f94f77e7891dc6a975320e391335fbdabb65bc279aa069bb7e,7c63645053ff174c47343f34cd037e67a75f149a79627ab75fa8798472c22c66,99d375acfb23c57476b6e0ed24bcf41da3b86edbcedab5e03219bdbba17a9ab7
5cd04fa4111fe01b6dc6b26a631d0129c076315959fa342e1a28be9fa6ff9f3a,50c8f0431978d3e8929e3182b140734ad0abc3ba16909796ce5678a2b42f6228,7e240ca2686585e6f1f31f0c82bc9d53e81b080afe9d14461614dc49b250059c
5d80f67b1ab6d329e51833d06383328ecf269c3de6235b4b275060e8e4457181,aa881d850ff5481710616b914c9aedde9fc120c90058ae4a0d6ded04bbc68287,a4617c8bb500d1732a38d343f3b9ece399d16821687d2d4803dbde879a17083d
5e677cfb1e53de47165655a9ed2580b70fcaec943a7e2ea89a4e8bfe81308bc9,97f670d3a6b4c5b7e6b9b4961aefc5846610a6493f6d714355f751626b27189b,d387585144860ac4a6a5d26eb16d5e1cd51f529501c8a09f953fead72778a8ca
5e99b2120afe772916a0bc0d0a07174937d23977eff0777708629b38270c0829,97a1d168f179b67da2aa7f8ebcbce9819d45940afefef3c6be8cfab4a609a818,289d6391623e881cea4854123e6182231412b7e91d08e823c955103a42e30f7a
5f0348a749144988de91df8ea9e707b119802787e72da9c7e00e32c1c98e5afc,3cca3a4ef399a02a79e468316ef796fc19d4bc729afb726c2de9a2abe9a7547a,e735d9710a8d8364ff561cd4ccc5205e015e08d34faae0e6428b031980357e4a
5f0f847cb5f0030004c16dfaada257c939e712c24b4d259b61041187fa7f95f0,c597f8621c3a673daab7d5fd9a8e7e28fb84c759089e472d667b6b23ef6eadf5,1bd013cf8cd1e8da19ac47c6e8be37e0d76f204ca9d3d28346c9988cfa9773d1
5f99c87e9838eb6c5ce779cd20a93ce0b4a6b854b4ddd135df72a84170eb2138,04f85950097d6f6db2fbe43d9bcdd3c0de8b2826b8a0116515e2bb6aafe7b501,ac2f8461c7a0d697106f8e1c94e7fb344b9ed54be1c44d75c8ab4f90eaf37b56
603925d7b3d7f5d471846622a0b30684bbccf4c870af3a17f9c4da809a5d4073,3ed4dcb120097f39e3bcb4679a8fe1e2c0c06a562b9547e8d4f8d83a3c6f9aba,119288df5d960caea8a222e8b26c08c17963dea4cfe684c98aef580619aa9ebf
6123aa03186cb342b3d5ba6290b8ad1a62df2949f07c37aa08655f4e9acd4496,83aac27536db46886c4b45eae2351489bf68ed84432e422f66dacb8c6d6214a7,794a0990bc63d2604d6e78a5e2fcddc56f38b8af4097f61c1bafee0ec934c4f8
61c7d6232465933fb9b74997dbae4194bf5702fea74734a18b50b2c55a913f06,5e9f0e9811e500e415cd6541648da9df938ea69d2b9d90eaaad7f8163e30806c,1933ed608d3b3c7924b087ba82f6584958cf1784007ce142ca7ec3abac3c9fd3
61f935e63fe305a13cddbe3e6fd4cd2b64b636a55a91324c93c1a7c573c6958f,ba000862d04faba890b487698326d316d7ec7c07b10f0077bb691575bb48f073,d8eaa56720cee7dc33acc5350907551ad29dd5f8d3926fe12e70249941eae263
62e2742ceef7de3af57409a2a3828cf77ef9d88a7ec4b516b1fd21a364959a1a,96cc2542ef801b4c1492fe03639b127cfab807e5678daa726c1228a4ec910f38,1c8d3523f3042d674f8a46dc8630069c50e2b24260cc826bd5023bf57ed1e4a0
63b2cfee1a697c1e1827336758a6830d989fb08ca053239a27c2cd1d1fc59aeb,f81d5d87234ab6ff77928b151ac581d3fac38897854897154efda4db1e2b105e,48e432992dc71e11a8584d98dc5def4f73b8701e0b19c4e923a8dc2c0fa11a6a
64363061feea7b0b56d444ba78f7485df10b328fe8a2a6c23013753a92e7f6dd,13e840a1bb28b82a60d2cc701066a018b75f75dc3c8590a389fa4e38f0b720e1,c1872177d3f82aa02ad63864720225aa3f5c79512410c6e3ad36958eda4fd1a4
645f24d4fc721eda109e14eb7fb8e6d652cab2e370a4cd8fd5c44de711c8a4dd,931d30ff568fecc0b022144a0be288ab5579b79677cb9dbd63d4901b38c50d46,81dd80ee9b88368cec1b6111d719ba4f170d435889c70ecf7701fa8e3cdbee60
646531546f5d3bbe24acf9df9ea5bdbff83620cfb8b170ff80fc0fb754bb5aab,5c59713b1b855414d2dd84b02174c1e466c6076e4e52c53ecb5e8abf7992e1f3,2c4c4e58979128971b16366f75effdfb6dce59f606dddb67391b9fe5e2e89bf6
64d6e449e6404a504d61e3558b89a2f71baeee033d82d2beb6f6dc9e13931b0f,9e01f54b9c5ac279c7f56918758dbebe438b6fa71ffe1cea5632e3368a79be5e,6bb071cce28a93f2aa90d6f109c0bafd41a3da6a3aef36e45b35669da82bf891
64fc703787a75663475ae53593d0d1a239c483e9ff783bb82e42e5bfe3229736,19dc92dc99adbf1dd33e7ce4136cdea0cf0016cd6e6619864d55b4901aef9a59,7b7d5105d8b4518c3720ee44d23074db461e48b2d35c9899562ea78228976a3d
6545faee4201756c454c924f673efa57aa0ad978d7d8d2597cd892c65322662d,359e4ced4657091d487c9615fa232fccd5b0765e133823023103a4f834be9f2b,c14f1ded4d90a722309339d1fb6c99c5c217884e982046b71458b2d45cada54f
67001cf67b3e1c21c8b9ffee04d505a049c904649f4dd8ba2fe799458e105d26,2b7539d1cb4a0a6b63af332cfc0585de0285f834611d3a53a0a1980bd42ce82b,a95fc478ceee5a0252684501a9efa79c72f829901e47703d22f16e5f859e4180
6746926ef29c72005e4718b99f9aa9e6514d17e89fc428a440b74af3199f2f3f,ff204584e917959ae0c509c98aa7e051b960c8a76d030cfda5d44a438351bca2,6cd361b399b3bca3300d6798c1e46d9f98feac534004fdca0c0008494a3c6019
68a6afe69b8e7c594901237c42f1c5e1fecd07ae130ed282be578c4e3b3dd7bd,48a341d3948fcaeb9c76911d90619a96a8ff361abbc0a106c4a4373f1ff6cc4f,689fbfcf018bc9bc2896a3a6a36c60a6b937fcbe038227c43ea149ee23ac768f
68ba82a6383a8371b4fdabb9bddd7dc4e8f8cb51a8c81408ea11a51169aee6de,1ca3ee2f44856d81ca5fba72d46e03f6db5f081cbdcf5d437a66e9b3c0aac47f,1d4dbb7b9319b8c8409349ed210129c77944f8303ef0c3f4db936b2394e61244
68f80fe19d10cf7c74fbe6f4f343f9a82224ef81555562a4355edbe1192c7e10,a2ba0dc8395cb4dc195aa426f705742e4da7a793d75ef8b29176344120e7a32e,666c94ff444130ae963bf8de86b9df4f2c6fdfe583276cddbc49e21922e1de93
692b53546352d9fd24aa2903e7395f950643690c653931bcffa84227a7974ebb,7036ecaf1ee7e56bf078158f6ad4fc487eceb164f8bbe7efcfe665e1bc16edc0,7ee06f91215e584c4164dcbbd699beae41c5c5dedf801faed552b398202d913c
69a610d85df6195dcfb85a4033c3b7f9bf2e80b3b68a11c5a755514961adb95a,689fbfcf018bc9bc2896a3a6a36c60a6b937fcbe038227c43ea149ee23ac768f,b76856ad17cae4b4daba0a90035977043a9816763f4fa45ff78357dbec2642de
6b26b3284546047688fab5f9f4b4b2d0d0fbf95eda77a007546b0b04fbfc9055,451af3a6b931c42ba743a6ab30985d394a313631f57e0140bece95668704653e,a926f81078bcf138b521c11c3a644598aa4ed8bc6cce885d798f023bf79718b3
6b9ace45d874feabdfd3af328c558856014752ed22890f96c61c61046349825d,0c17780e63329902f56c101b8231f4bdc09d7441429bacb1eb4a90699d8b3baf,e1dcf6ce7f29dc06c028f6927adcc5bea1658cae07ad629896b08ea04f74de54
6b9b63ce99885226646e0c0fb6657b961ab687102fb6dc9f259d24ec5dde6b77,e5370f627776ca9376be544955370bd7b93ad59fde392f6dcfacce1ae1f9ec51,34fb3050872fb12a1db95700ea45b8de8880f10254c195b2ba8e0777e93a4ef9
6c894711ad31d8e07c28bca1d84c8f36438559ebcb0dbba31810bb34d43442b9,0eb6d785f7724b7b243749c07ad7ad987e370a743af5b46e181da45010d514fa,bf86a8f166aace29705c01d99079afba305d4c1c58a0f31ddc40655ea6643c9f
6cda8782572519777fd4f090f85149fec92702b539cbbbdae7dd3c78dd41c9da,1fc7a79b7972a580db91d67db2b14d9624cc1eeb0c31bed5c3f91af5f40e5e74,521600c5d5c3a2eb63c53bd8e1f6117a154acb23f0f7fac9d368071b3087396f
6d0cc4b55cbdc1970f31789f87683e2e554f02084d7bd9bbd677317ad9471ebb,53aa863da1a802a2af748e5a94a3963286d0ecff25b5b8da41ede6b7fb8f1a18,ba2b1750dd9c9faa8272ef9a35ce03ce5e510e75302128b37394169be4427ac5
6dd9e3f95864a1dc2ad57a1157ed71ebed1d0bfc1f4968e5366ba51ec54be102,f3609edd992398be3561397d01e239d06789ba585832fae23508980ee542e920,9aa17853f7fe6fe33cf5f2b23eb6e2998b51d85549dcf83c9aafba4b502d404c
6ddd53a24b430322c2bf5a32903e0b9f5a730b82a9a9a6fa04561ff2cc21e888,504b7c101724ee719515d04e5d1bb50e35e8a5a53da82ebaf90c09b0eb1548ef,d50829eebb2201730bbf14551b66a0c06808a186beb1e25d947c6dbc416d6758
6e67a6c07c1d52e667a82b8a8a9a93c6c5e36ed3dc5a6bca8ce672a66d56d458,7df13f5b06d06f3503ee4d9d9b4db063579a9c04ef77b966a22db966dfa66a4e,99fb2f0f10d0483ff0cc92a22b6428d83c1b91d61e2d77e92e9306e27bc5c6ba
6e8c5f71654fb9654a37094a96dedf81fe08a3ecf832bab233e9e390bbf0390d,25c8e1275425a307ad8089fabdddac4762c519bdf686737c74acb32f50abb6f9,826ef803dab35a7399d676494e5007c82969fb39464b647e706baa05de741000
6ec8ac21d3e90803b4e2ad09cb27ee8ae74493df4baa5f0c0671f013eb3f129f,7e240ca2686585e6f1f31f0c82bc9d53e81b080afe9d14461614dc49b250059c,79fde0923d3920af7bff0dac6165260b61ceb95d4776f77c11b50847d1260833
6f03f9d75511fc974907e29197f4d084d30b1012810681162293c5457603c7ab,6ff93f24e80cf4a51213341d2682c88c71a435f7950651f4c99a549cfd3eb7ec,e3bcd8a0a7458684a68e409e83ea6b9a1ba86ccd487758fe39c5a0afd30c42b7
6f79dc774779d6b6f6ec9b75c7bcce3966c3e6b2f3380c613241019462211c70,7e204edf5a67e9a58ccbf5e7617ce36ba8aa86fc4b1c808898dea0ca31ac57c2,2cf86d78afd0b8a64c5e2ab5ad7f5cb0fa4a6290e6ef80093b77fe9418c19ce2
6f9f8026b1698f24e705d8605886b1cf9bfce1143598b7ebc5854ec715a29b7a,e75a7c1691954d6d675c35ad3d1b98606bc29c642d4dbffc342d11d6d32c2d5a,6eaf6ced432a8c70e446c56f26bb2e5e141ae01754cc6f50dfc89bbe6ad3c9e6
710aba90462fdd5a85a292892a0aa469ce03e573783eef4630bd0ef6836f5e08,48e0efa2ab6126108044e1d8cd05c3bb140fb114299364f92c9b1de713961448,8fbd41c2088f939098c4418c8018ed2b33398ebc9e41c374d33beac4d64b204c
7130e9018d2f36037681a3b0a165afdb0fc870e32a581f5e71bcaa315c3a8b9a,27323f9e1f6ab51ad82556b93e394b7fe678e2bb341f393051f55accea28d025,755486080d811cddf98027f5bacd2baf663815d8f13f6d8a25e7ab71cf4d5cd5
71e0eb8a5e7f1aa7745b70d3f5b6265a8cb10a3dcdf0b210db31c2185372f2fb,276e97549a5208d5167562ae7d713fc56230acbd3eaa522120ec30a88e61e150,f0ea7ffd603b8941dfb7b4ec0640ff87188082cab0cb2657f71fc3fa1415326f
7204992e3115663eb4e08cf8fb3e90af8732c450b8def56e50630da2143d10d0,afa8afdbbcd4782ebd044deed1f0992a58a7c9bf388ecce2d8e99b4e8fe54edf,f8a7be9d885cb8b868cb43e84c2eb5a0a306ff1b1dfc6d290969cd30c80ef145
72edf9327bbfbf03c9875d77f3991da53c4f5586ac25fdb75c0e542e66ebf418,639d1b68514a5eb7ba8b8ae0b9cc2cde14bf813d26a95661e2368ae83b8fa714,d5af77ad4bb6345831ba8692a46aacd6f30e0b6e17270c506b60fae6342af174
740a359400cdf07df05a919ea02bbfdb206e5b55228c3fb4da137b61fbc8241b,9544707ca41c33352233474379f6e86e6b4e2f99034e5b7636ed4d5bfca85d41,ff39c100776d9d2c622e7285a74ef7c5908badbb3fff03b0d6137d52b0d0b9bf
76bd73c4a5c6d68938568d5958c0ec015aaa52abfc9eb9ed019128c1a44c2190,6dce326435a4a4fd2b472ec2093787fb4129e6ae1900b2894742079b97c68237,509df526031d49e90a452bb8c9bea17d28a847f8ab4489a7f1e8cf6c7794610b
77dc82919fd0c73d519457b97f8edbf987d43a4d3fbf168700eb06246b19a003,2432f6ea318d837788a934f238b30d74d2efdf8eca9c2c2b4a6d3fc2bb3220f9,7b67290fd045fceaa60c33f64de7f5fe8b980d5cdf8395cb4215c3367e83c356
786e6a16af66af5e03ca6a9502cf80948f319204e3a5aebd4b27affc28f351eb,550af5ec93b4f3a6bac6325b5ef8b9c0d0f065a1190241b81c0ba06c08c9c867,573f5115e47cd7ec85d633f925d19f61970d4214d7222c2f4297879b6ce5f4cc
78d069941863a10d364419700e452507d71c2d61abfc3369bab67891c30eb362,0a959a6e2dee13efd1d506b9df5afd77a0883b2e121b018c622c325fc74b679e,4ff91da02a398a428fa6df631600d13cc8deb8efcad88ba4a1cb06fe706766e6
78e4bc53a3505581369c03fc51023b7b4dc8916531e7b50af959e8062e109615,b160d1d8c332b0ec6916e310dab4e8fd193faa96bcdaf2a308462c9774d10d71,4ba49813963cf987fe263e59dc93c79b9a88790b7cb682e9799ae84cf7486fd7
793e11096212b0181ff3e01ab66741fa6a718b3e19b7fc1c6473861b51824559,872904b2fd4118b6fc1465d3f1cc6e69e8b0125a58b8a2fcfdada094fe3a35e2,6ad0288117d4d8db097fd15d324cdaebd483afb85bae27d35ccde3a4d1bc279b
7a657489a86b8201a024ffeb57c4bffe1a38b0eb382ab908a973a03617a8ab4a,f5bb4e12696893b3e33fe53c313e51f4fd161778b6cbea0d36f313b42138a99d,260104388aaad679e8a14f183b23312ed9a23c393e97f1d33542acbc81e0f0f0
7c0eeaf055ad73d4d40e7c94acd071f5ee3caeb87b7f4db48875d3d7a5ac0443,5e95a661fa997a8595770841ef549cef98b1279893609fa260a36b8044798969,b67cb12dd09472df7f1c522fbdc33b53b433d873e48ff48f94824f3f548d1aa3
7c80d93eccb676a1ec80fe168b9d1085e5a462f450b06c0aa3d33075f496447a,eacee5d3d6cf4f2e11546e98e3642839b3359714babc64d878e9fb14f2c875f5,185a478b4663b68d0f5eeea53bc668f638a6491118e9589018a918dfde8c5cab
7dcf709372caf6965b866cd583a5cfa6b494e7a4069a98db285082c1b7376706,8ec3ed035326a6d39069797aad7442773c0e30ee07794d1c24260dddc3721141,4178355e11089f7d3734d29e262d0f7db8f5619ac36745c43972129f1ad77a33
7e1aaa25ed88a6ef15b4417eac396a831fd9916a0d45d11801eaed32b1fe532a,0a668ee18396317e43802b07e0a65158d141c77defe4b2027ec9ac08d017187c,7e204edf5a67e9a58ccbf5e7617ce36ba8aa86fc4b1c808898dea0ca31ac57c2
7ef635bfece8bd46886f72165d9995cb8f0c688be5bb676013fa2cecdd7c60f4,dc79d036f2617b146e471d604c997d224053847a86167d76bc46b118fd2474e2,e95b64c140bd835dc2385e774b037806fb98bb30ba702fda99c1170492ebfe42
7efa2c4c9e4aca5f5702a55e53d6af5ba2bc0ecb9188a43184d4b55d764ea5d5,4f45d0f18eb823fd309411a27aa3342b504d3d5279a11c50697264cacbdfac7b,3749c4d4b8e9526efdb76ecad062df29aab2ec79f43e8152fdb7f4d1bbe68131
7efad311c9fe807dd4c185f8234910020a785904d14d8b5ac52dd81a7af73a1b,7491b327a0314521b579427d8a72836ec6c87e0ddfdf0b8d0c059e0cb9a092ff,33fae9f37b6d3070ff2633480c45c2ff16811934bb108922d02ecdf60e98a8f2
7f43372ab0b82b902247fe9f6d4dd6f569a0b7d0a6c5c8bd4e665e746cfaaa4a,cc98eb9a76397f67af5b47cc3d9fcd9dd171e512674c8409f5f0f148f6e4e325,9aff1cfbf251920db2ee5fb1398c6aba3905f2ffa53328602e9661cbf377230e
804181fe22f92f2415cfe20fe860ba32b50e8888acd6fbb5280df12fdf41df13,f38b66e1f735b0379eee225ea0dbe4b03a6188416a3273a5379df5b7c260ce1f,f3d351bb4188b24747d88f16c46b5000e48f3fa75537ac54df3b9a82af29e29e
80b2461243ee7dac1c2e32deb44cfa0bc7c726a9d4cf53e1c4cba28301a8b5c2,6a1d7d65121d5a21470f9d2b1ada14464a1ddb4b47603f131f951b6ac6fa544f,ee503770ab6733655dd203209131621618688c5ba42ef75f9db92ca086125593
80fdc152acc329233310920efa0daff44604c935c6cf279630d8bb5311d6a26c,a40eee1cce354063d452d90644762ce11d83639b9caf86a03a2119d06e0af1a3,dc3dc959e843eb2b5ececb23b70959725572ce81f596ee4e6e5ff9077b9c19f2
81654a2fa0a3304a78c1b181f8e56e6ea6aa9ce21b698fb83b5b5cc5d7c5ca46,5e5210b8b8efe37941fc7a50a97a05de359fbeca8faa8cba9cd9c75b6109653d,936215746527ee53f212fd10f413c732fce40147cd91fb29c77f3590736c8d75
81b531cb7b506aecd0eb76cc98ef44a78ab6027f0b6ab7cb48645f8e2930b5f7,d3385009d72290d023b0975679e20703568c2ef79b874f1c726c134534ec550b,80d1f3764ff8132123d410f4b4c09e17316063392c6c608ba432569cf2c24cdd
81b5cc7be92f1880ed2d70bec45d74f42ba8d4a4ec70a26963551dc07bb576c6,ed2245b3b74d189bbba539d865b5c75ac58f5d08c67754810cc78f2992167eb2,6a19731715db93a65b10e63deab4de5856c24a59604ff5478ce8f862ab4c3d18
8215ece3ee422620ece0e9dae015c9dcc9fd66cfea52e56cfdfb91b01f7cb573,eba212e2533cf179c9f74f93176c246b03feb62fbc440af29b0f8a97aeff277e,34dc89c2b4a5479290ce3b5455d986e2b89c4cc92e8b898911e887a09755e969
848b659819d1095a8c1a7ee55243a747a1a88aec38e9ab74b20fe1a6e7fedfc4,b3128ff8cff049219d3ae10ae4e69e0491cb25fa7fc3c654652d8dd46b0727ee,6e5728cbcabbfdaa1efa05c92b1a7c930454890204e6a04fb38bd2a281ca5026
84a5454fc94594c17cc1577ec497e13f0882fbe04bd39af290c2465c25ec2327,1a9e555562c02eeb57109b369ff8cc08a785b9cb1eba2452dccaa768074b9e6c,5e95a661fa997a8595770841ef549cef98b1279893609fa260a36b8044798969
84fc02d50e41962a3d802e7c11a68398f46c5cb176d8c7e79a724b211cda3b75,d86455d02339b5f143f1522ad88d227cf4f0402190ed480ed8f9ad4e5da656ab,8d37f8f16f638189bc51c8054162fcc025df930c5ff26a9fd67f3cd7d63aa58c
85862d36635d38dc7b3bd2160f3eab3e6b9d395ef85833e39db40ae46a4eba87,34fb3050872fb12a1db95700ea45b8de8880f10254c195b2ba8e0777e93a4ef9,94d434f09b668980919efc541f3df7302a52f0db315ae2927b7252627bf22cc5
86619ed892db24c40b45ac476494a5574a82225d95863ee5899e92595c7454d6,4aafc12bc8c3838cd1f16022908ef60b46fe1abbeaf2c18b175a88554deddae3,778f72fc42b0c211d44da010e95c6464b00e2d7c6d1e512fd167214c1f416d0e
871352cb81974abca86992a14a120c2a00c159706bf4168af2a45fe7b7e76610,343cedf9de7a37d814360af524bb6735aab9d7d50f4ab78d155f9931a476649c,afa8afdbbcd4782ebd044deed1f0992a58a7c9bf388ecce2d8e99b4e8fe54edf
883a819169471483b0e8a7aeca0d32879f03eb0ccb5824e7be861feb89f4a26d,a54f7bcdfbcf21a9a38a5bc97c9b8da804813cdfa31abb3005b456798bc007bc,749ace1a0a86f563d4f0bbd5715f291c33130c83132c969e0e0eb3bc7c1ea6e6
88bec10a3be748b2c1ed9344db6d8e56b7686a6aac500ab17de4220d76d00e2b,adac017dd78575250aac351e531005d01f7e523c1ee0f5cdd1fa3285de101f4f,798387a00d7be950ff9b1688734227f5401b05217c5a5919771c903cd2e14845
89bc3a2cdbb281c44e0697c203f175b1882e7b0a458564b3b224ee447191600a,6f73a879831dadf356df35e9e65252dca6c07b5cd63c3ad6e8b89cfc9d67c56b,245ccc05efbf624368aa07953ce37cd08a04e5c989cda415666b309787858e43
89e8198b899c06aed91a3b496652d33b27a8df1d42191270ac8f5d75c1d56989,765092d58eaac375b04ba9aecef14d0b37e025e80ba9d8f4406ff77c95d02368,932c8dd6de131ea56a8d86f395d29623fffafa1e47c2c253ae6f6495e4911022
8a5c0327862a49e0d3563131d187ee939e157773c152e9910f43c7076e924ec4,40d23f73429c4814133a4d2cc2f44cbf0e25e1aad683546c06820249a8dd2762,82630804a470c604823196db6079c083790765dab6f977fb5051b3c19a840553
8c04d654da0937eb298d8829056134117190d2a29d7558b66c7dad3a8613c34e,95a5f8b710fdc7c9f417253c06015f53f0324c0d12946d0bd2f834cd361c5afd,6e7909cd86f85c7a129712bd8650530bd691f3e4d61dd246daa685badbc57e05
8c7e31c00d9dc0709b8369dac320ead0890501f187b59cdcacef5c5abd54c4bd,a2036c417fff0e537a8ee5583cd46e65c0a024e7e579f131166e4e339706940b,331a655a9e6961df23c242b6acf9f091fe32853b41227ab661a3806b2275461d
8ca869c5b9ea0f3bdb60a7f2d8e696e28fa960a77c39cbe4f3670a5fb5d4d750,0137d12e2c7047a33fb817a077ebc98f4b1a52462b4bf96f30dc6d8117b8a9fd,0a87aa290769fb5963025ad94c1a4fb096e66d35eb0bf9b034eb9b9123839996
8d9199aaab113a52c69208fdc1822b0c6c687367935fa35ffbeb539773304424,887a52fd04cdb86fa4c68d52dea8ae3817006a1d8a9c8f70e8f2ee55b5aadbf3,cf968e44c2a2109f8a0af7afc36c7e90d8f6af8c521833037d455c5a3ac26715
912e412740ad6caaae933618f7c1713e83b183547f5a30301f1b4fcc58deda35,08e0de7998453edfa6f0a3f4475133a1fd90f2649d581c2a33053fa7f3f4d403,1615629582614b6a4a3952cf0b8b26f33c2e7251a70d68fca0bd8d4fd99dc9eb
918486be6346cf76f86d8636098787833ad372d9a4710f6c0fe50a32d87d7a2e,0b72f672b457682dcd16ea571ca7e09985201dc27d00d3397637083b3648a703,4990d4556516353cf5799433a5d8b23684a516b1aa66145bfc5b50066976ed91
9225c3a55bc7ecf55b3e13c3e4aeb823426184e72cdd68d38cf817c334d7578a,84c3ed8677224e2384d49dd3d69a3441791775a9f242686128b5d4e5d4237f6d,51f6da7a2581fa9d35851e12ed69d6c74d1f823bb4522f7c58c1862907916a0c
9288518bd6c22f39c3232ca86cd9872294c3584f1e43534a963f9b854042cc43,1bdf234668ee3a27014acb7cd408c5d9013cc8651d758982275aad94666c92e1,7655a79d2e96c9a4459412e65fef5f54c3af7de51d151dd852c632faf073453e
931d83b0a7ef93b7eab4de4902d52f3e0bcb81d8e1a04dd117a08ba140ca61bf,06cae369e75300c62a143b062fa3fe40f9f9ce94f8d573abab6f92026f1d1f15,c3b6ffce0540418c714cb2a17ed0a9c597c16d45aa7d3ed81bb7514399b123a6
935f41452b2edf4ec10cc279634a547e475337ec85c13b94f40b5fe3ca14db8d,e4d450badd1921b04f54eda59f2b1eb33b58dd8eb6633b51c2416d073b3af536,35773dbc0d3f9d2c33cd2aab47813c8c9c4682b466f71c1cfc91ed0fb910ae66
94c8c8f2f1874ae2e1887bfa0c8adf1913bafce4661f354f79f1efc8967a63df,9ff14d7b2644e9cc7d9ad9f1e8d2703538d79f8048dcd849497dfd1019fef279,e1f5595e5df56117e48e8443fbe6ce5b2042f966754430079d42f245bd097795
94f1e1954f5c3e6e5a8fa5d02a124ab67fda1fc20b6111ff3e9ff9fa3e912141,6ea3f9f6d53a4338a301af6bfc97aab43b33ea8bcfa87f04ebcb8896e9856f19,cbebc65f8850a8cfcee04da5777dcd307f7138c3b3f26b255998087d6850cef1
95b3841bec5d1296d099a300582ccffa05c7f5ac354fd55644794c05a08e5cfa,e08d9512c114c92e4c7a08ef991554b5ad44ce6b8653064fd92979f1cc5370c2,8dada1f241cac17a2ba7229f8e45f074432d7697b791f4c0d1176fb069d4e9c9
95f9f876ee9082081aa4f9aaa5416a5aa5c6be059007d194896fcb50e7b407a8,28069822d5d5a43497316b98afe8ae95288305e6d98e59dae465419a7667c6c3,06c1ac4fc4087c76b5c4b0673b29d7b58bb94bb542efc97496ebf4819be9eb41
9644a8d90982aad3a6aa664c18aebfe97c88c03b121138ee2df4ece49c08a753,7b7d5105d8b4518c3720ee44d23074db461e48b2d35c9899562ea78228976a3d,163f774fa02a81b7c0a88ffb2043263395f18e9969c06fd4478b3623c584ad84
9767e5f70cda42edd8af70d68661c5e92468b94fa09e806fb006e89ef88ff3d0,c532f1b3cd54185ddb61279769a9500e40b3f012511bd55ae7c031a39bf043e0,97a07bbd5a996857540bde643c4dd49a7bef622bb993f751f6fbaace38fb7e28
97e8252d186e09cd083a5c301dbc463ac49c68e8cc63d1683658d386394a76f8,a5d7aa4133996d0c92dcf4f2f48630b95abcad6c48b67f0ce6091cbee2aaea55,ae0ea54a6053ebe7ae07077b91895288e992c6257193620494ff170a14630b8b
98f2f6182ecc7cd81f250fd8f512b9bbbe9b80d107c2d9feb125e56f2975889f,41f252b6b7be3d8ce82b6e3bd2fe1329105cc6eb9cc9e945b6dc3efc6bbf9fd4,33e6edffa0af3e47c73322dbaee6a0a5b49a8128d4b13b7fa050c09e07a15724
9b47ec2ec242fe5e1b92de979833229a61575178e09899270973d2569eab7a35,e616002305be97eff015a1fc286c5d6c0652fbf9cc9ea9510987d70737d717bb,a9f84b52d5264d51cc68ba05fa3df24fad0ba43e23e858b2ab32b4494feb133c
9df1a97bc378ebe7c3cbb4c3eaeb283e24955b92d7607f682dbe568353395870,b5f59e95557bbd8ecd3f28f990dcec08d684c91c52f22d1eea657866f2f33e2d,172ccaf584f13d54d2e657ded21096e125def691dfa8abf8f40835202dacfa94
a041838007995778dc6c121dfb645c881714b6eba49894e0bdeeedaad1e3eaa3,f8cdbccda0a72bfacb854c7c623fd611b8cab4e6ee82caae244c48311bb2c129,55d6ef46d602e75e5e0143deb7d7e269961b4bc9997a3b68ed615456e9511096
a17daf6b08747995cf99923858ad325383a92921462277e605d9adb2585fcd8e,b909af9a3a280c6a78918615842937e3c3faea249496ba05dfb1fd2848976bce,b1b9b645280310be4eccefde7b2887fd2bb533bc8c88621e4ef5d540b5161a13
a1f478491ef4bbcaddfcb96e8befb9028727f1f3fbab3bd696fe4c987146e106,5001f6ac1bdeb5eb4b02e0f7a5e9f5f3c5e68625656656f1dcc9977573bc5bd3,be7456828ea81ed10db33b420907d64d4f669bfeab851ee156af8482da46fcfe
a25f55366396f1669079cf2294709083da7ceb6de27adaf9be37c17b3e80470d,275c5ffada7e9ddb670ecb84236040ac363496035197f547191ad61e321007ca,8bd466d541f5abd8ee4e7e81ae95e100139ac9598af8a83ebbfd7cb152794070
a300f55dc91686d1716c1a139a0bef06402206fe057d701da0212e8ff3f28614,9709fe24303e8b1bb563e7a9b61653a91aed6a737ca19a02ced59d23c889f17f,122e602147e369e575689fd534fa435ddede80dc670de82c61076c6030431457
a34f90b78afdc2c323cae53faefdee8c6b694977b514a206d770a4d1ebb39ab0,73509a8687056b4668a1abefc830c54787a68f4a7c87abef1f365e2413f4bcb4,b0aeb356a1beacb6b23009f956b57548ebd99a11f349e21c3e3a655352baf1a2
a3f07bb20ff5c092316d057dc0b2d9b0c029cf1264760bd7df8ef89c432b3088,6d3102d289128424d5fae2add84f8f83786a381f128c41310633b1e8d517b958,35fa5ffe1d4aa18aa982b6e2dc87b1cbf8ebe52a89c1ec05a2871f7b5d22a73d
a4f5093e1d383359c2904a2fe5f54932c58e03820cabf6363e5b5bd4de9568e4,0c1a7b96306ed14caf9c2b7516d9504ba8a4800291227d1a4cccc606b6833d0d,2ee6a0ee11aaefb724f46015af0b73454c0865158757c05bd81fb059fc271e0a
a585a41a23bfd3b3a83d99d8df5c1e4b9e1bf21d8a222b37994bf6b797aeb6cd,6f73a879831dadf356df35e9e65252dca6c07b5cd63c3ad6e8b89cfc9d67c56b,f1f0af0e71ac76fe1815d9cb7560d63f1fa85ac607a273da5bc6bd0e762241e4
a624bb4d07ba64e87ee2e7efa7777d47c56ccb7e7af758850538ad4edd85bb73,6f73a879831dadf356df35e9e65252dca6c07b5cd63c3ad6e8b89cfc9d67c56b,6053c994e089371316be35bf66f83f9fc40b545367be448bf21139ebc9774914
a7e3934f3eb20f10650dd23fd1c76fd178b76deca173845c2dc9f5ece7632f63,59f8d0726835f96480f67e1346dca8c171bbd7e991ff31a6ef5bed6d922f7864,4c90a50514437edf6aad8c511a3bdc626b8a2f73de4b54a7c5cea99714fc8508
a8e4138e19e768b24d4fb264930d95c205409b650963aae867626f4980192499,734417fc97d3ed1f909787a81d3da6c322864cb509a3d4bdbf65e00265f04e05,7266ff143bfe09daef224c5027de9b4cab615ece8a47eccbd6fbf5b469ff42f0
a944689712c55b1075fd9027b93a00b05ea80f640e8067d301efe6fdf1eaf092,b00c2b02b1cb62573196c4e9b8a7b75d355c3fd03931aa65bfd60acaffa39964,c081bd8a5026c012ac5598815bcdee79da6c0eb2675d5fe522259d1f30a16627
a9d94a0f0159878f48ff1dbedc0ceb687ed0ff3111c9785ee11a720b091eb149,8abc1e84eae397a232540408b387b6f21be71f566c037bd279d0405aa4f9951d,bdd691a1a3199bc44751088aa5cce1c54caee6c072306275842f6d86f2c18ac0
a9ece506be3931a19b1f7d42d5a29612ab59951e0ed08441cb56df8970f7b6de,9e9249b5ff736c066ac1c50f23020878e79c7e4d205c416b0f18241f8e9a5216,91a15e33b26f4d4a0e74ca77c896f67faa98d774a4f898907fe86eb5b3780339
aa691749e4430e8517ddcbfe1cd9b10c42f34e8dea7ff34f919e35d80be9f8d1,02f2520912916890acaec6bc28d3006d4c35b4f9d74a53cf34c4728dd3ca1264,0b50df8c4c5c64ef5da174e05a88bcdbf5826875f5772934d934b412faeebea0
aa7255766d42a4017878e6c1bdc8d0f2510eb14d56699fd4cbd49a4bf908edf1,d9737eeca3bda8a1cf17000c588a65278cb7d47b0c132ac8667d26df8324a861,64c65c29e688df162ca5ec97405c82521451d6177efdaa7f1c8242d55820a62e
aab1211edf690b4d3ea103f40138165062ac9265fa6e5536ccc7a6d8765354e1,e9d1d6fd39092e4d8eee15b05f069d5c765382951688444be4f76289f987c317,1bccce10816f92be6f1f85ad93f44e32d38ec026091b009b6feaf122bb07b913
aabd5cb1f8fa317bf54de647962362eb3bcd937ef743772e7012447acec873d5,8ec385b7b045fbe064420b511b4cc46a4a29e5b94d3a533f070003e5e1c55eb2,32bc27afac14809255a86c6fa0517bfa8b712e5476dfd8ba1adaa7ae7e676a84
aacf17896330063a4365d9081fb450ff7e75ac14c8c908988f7fe96d674dcea0,20d71fd1ff8caa9700433d1f61ec5f89269b5cee150a9198f657b8b1ba358749,d97bd83947e923105624a25f871fb34d5d12fca4e530f7c343241e15298580f3
aba7f0c7977f9418bf5b0634de7ae89d2685f034a435cba9895a1df67add9cb2,47f6aea24b3240362e5be804ba53a1b578aefea34fe178f8510639514dbf5e37,16e6831c4f9f1caaaa7c86406d41eeb3e894910995d553c785d1b392f60a360f
ac475191f5c5b4d722554080c2654a853918fae8b06d9961cb1fcee64ee3e02a,089d8a4ea20d09448e9ae0473c5b22a7b07ef20614d8775ebdc53564e0a88d83,a033e4adc43a7f459bf0321719baeb8ce4b3f51277fc994bf7a120e5b70b348e
ad2a78429108da19dfa56b83628eacd96e03e36aa635eb247afed36f11c54186,97b3825c3961f31b920fb5869a206254dd0dcac969f893447e901312eeb90371,d50936be5ba31460f6c6b156dd4eeace32aa96596e3c86a3e234b491fbe0292c
adf5ac11353aa58816a0550e962bd3938d531e86b6c8220852ba0cf689316e51,67eaf2e42bc3ed172e57e2ffb2da007f945f1328b5cb5a40133e04c35655e8da,cdea6419986a40e963dc4d105964ddf6240177a15702cb55556f5178f931ff6e
ae178f4ca2a1a0b85844eaa8173f74b26c769ada659d6e86416d400ceb4b9a76,2c9019b95d678612a3bc68aee283ea9ee699c24b1e94999b13978f593bdd2a6b,2e98f32c62dc851072ed1fbbdfec602611dbcb3a1198ace2ff7a7d80fda4d75b
ae901f82423a5d51b1991b1b232468e8a0c69dd9c568a7df761e5438533d67bc,ff204584e917959ae0c509c98aa7e051b960c8a76d030cfda5d44a438351bca2,72683bcf24cdea55415bc0776ccd65c6379ce1e9e3edc65f6b1f39d441b3cc09
aeb0fa9e6f481f4e67ee52516acc8d5db3529d2aea38bd2f53bdd407b5c36145,ce6b5048d16b0e9401325201a572ec580d7cbe191a1203f2007162b7a87c7beb,9ef150eb5c6ab4c3857efc985dbfffff5e622a7ed637fdcead9c28b2d2df1d2f
aefbebb156e08331b77f43b5828030ccaa21c735fc4adc63b6efb7aa4c1dcfc3,ff204584e917959ae0c509c98aa7e051b960c8a76d030cfda5d44a438351bca2,94c0299de4589e132be5266d316301cdc0fb07a0c4a90ed2c2894a56d9183392
af1ac23d3ce5ed95bef76d4ceed127b4fe0ecd553fb38ad66a7a783e6e6492cf,645c9ad120146f41fefb7ef15a3e8a3f771a41408c084b32f5a5cf3f223d0eae,77c134b5c9d3692b20bf00292e8d8d6cab04e19cb0dbadc97e763cd9e0a9456b
afaf91d15986f80d0a7e8f043b22a47ab9df805dbcd2203979bb53b0efaee28b,7c681a862d5e1fcd85e5551aa5aa3cedd2d24302520883adf1409c1e04f25c8a,6d6513d9002a85a0c38888019400bf779bee87a1ec72508dfd9e3dcabac0a5e7
b0a52a6ef22d62e13b137d3b3ad68b66b7130310741c122d6018787af0b624c4,c4e3938def3b00bb0c364374f68eb6371b04d20401215980924863d37baaf2ac,ff48945e9e314bfeaa1c2c849cda54e09b82a8d29e68abf9eb2b9ba31be90227
b0feb3b581dd004872723f2ca939e301b1575cf8187598909330e5aa25bb43fc,5e5ebc2d15d557aaa430417eeac76e18b56b095b8fb21e6b341ef0592d3d7005,5223734017781c5e4af6b2208112c94591e66d5e9fe5261100a83e7781bc3c17
b13f676f831a6b8f3d9ffc2b2bfeba8111f559dcfd70fe58edf1f47d62237cc7,22b1d9fd6d5878aefd141980646836ee062ff7c8f797a29a4cf78f3c31f4dd3c,338380f3cc9bf801bf90e10ef7ad8b32f40b1c76e11640dd9ddb270c5bfc7e3f
b1bcdb5ee7c12d769e48965425de795dee3e9f1bd562f1b0dcb1f811f24d6e4a,fc15260bc65e95cf86e3f2b6ec2bc02ff8b1eb93905f031acc33ab77701f6117,25184e257d0ea4e639fe2843377f08c73dc2520ecbc105d9474de44ee08a5b41
b2218886e6af223dd52f202bf304fc9026c267f277454dff87c5ba3a7272dc3f,f9f635b487c3e63452862e49603ca47707022c6380a55a7a4c6eb2ef12a4573a,63bc9aa0e4812f4e4baaea699661b8c6e713aeeb0417bf3b0dcfdb294aed5c82
b274c2eeb09058a4510d2f301512428279cfa7e8726ce8f7c945769997087057,8589ac04a81edc015f148d8e8329a5b997591b8db4e80834b05a9551683d2b1e,198db63c3fa4e24739b35a7c6a0ad79af93c3dcf1b978b1edfb52eb6ad46734f
b2bf9d762bb39ce8f78f735fc34f8cc37ba3d3d3cab42efdbaad1c262010d5af,7b17f71d2d2e83d2fbc9dbc84e8b30294fc75b675a2f848982f47930ab10ade7,2848d1217f4335f83a1f1ac1d85be4b02ef580e2985c1907e312b534c62494ba
b30790160e6bc6a5c0ec9623e7704225387496bb15d0608230cc1fd2efbde469,dd0f77eadecc108e090ee0a2e52007857e88fd2ce356d77cb00ac7876952351d,2655de6fb440a5737c46a273f3cdf85fd3d61b49fc4644a83e525400bf3a5834
b315ce8104a2b2e948f5abf879d9c5ba2796e80d800f97838c04e828468d0ac0,b441be6064f2757560504a697483eed401a9a515ddd7d2237ab75c48b0b92677,ac5568f0e08b164869a84a9c34a29c3e9a34980bdbc4ece5fcd1af794363d2cd
b37a7fbdd42947dcf1db39c73845175f2c20ca7cfe44db52602a51eadf119a60,9158506993d4f71d307b90a4c7bbcac1e1a4d9f2f5ad273e32c0bbcd6af4bce3,5a513ed1f11e0113ec0ae3bed9d5025a099d5f6721c554498bcee02dd4aefd15
b39ac93ccaab4deda9fd54d78eb67054a861d56c7a3ba6f3fa652c78250d4ab5,7266e2311d629f62b1cfdb82719dc9290d3d71dc20bfaa216615779a5f05f9b1,1880774135172c930a8f62b89a89f7a3a281ea8ddaeed55cbc0037c6218a6f7d
b4227f8673c011125a23ba630dd16af0a54c203676f3766e250d824c6717d510,90e4c649b000f2e5d4ce0e9e1248b48ec74d0dba55936e4c9c11a4ffb0675f5c,02d02e524de213a595e33941ceb1b013614d70c7b5bac70c723ec07edefbd527
b44d80acde18220b087aad2ccce4d43e2481efaca382f2d6c8feb2090bdb7bd7,9d92e7e396d56aac4827f08a3b6aef103401b320d051d77ef3e481e2511dbb9a,197eaf738b9dc345c1dc379a29a007f6b04bcc1b8a819e8063f42670141d348d
b4806f16b4c7598e99dfd2a483cc29a06e26f6b83023242384805a95fca38436,12e00f8738fc0f209fa97cd9d722751ba50703252b57362904658ef3bf539998,f3c62594201240b6a5f126ac3c765705e5a10b7ac9edea2fcaffbe6bd3b675cb
b48e34da0ab830a518f99b748559ed9a89271a0b887c3e2b28a447ec42e61c70,3566aa77c309c831bcff9e749703594d10bb9a305532b8315b7e8bb2f5869db9,7e5e41c3da38f7a76659bf2f0aa36104b40f0ccc193ba58d6600149f36c30522
b4a525c4493cc2e15b216de3e90f757eaa7701f1d3df34c2713806dd62a377d2,0658bef08d3e67246a73e2b476f22d63b1a89171e2021671a909f486f90b04f3,b438239bcf5ba79a47cdab6653315a530357ddfbf64ba7f30c9e8629ceba8388
b521e8db8988a2d6dd0f20f4a46b45027ec8d0918f9fce20f8201844083c42cb,10b47c20c28fb752c3d58639bb4916f70a93ca9074287939a5b5108237ff17d3,411a3043d911949e09d538d82cb8a7dc820debe9f232fcab61879ab20832fd20
b56fd37168da9fd00ae220ef92f11354b145f36458854e49280f09183ccd981e,3dde717c89171012022603e64b15f040338878a41ba45f66e217484a2771a106,08e5bf960a2f3d5efae6e172e9b995a0023352706c95730ed364b48d9482db47
b5cf2eeb18429d459e2c0b0572dd46f5a420e6e92d51da22daf4eb33aafe59f7,4e367df48d39e8b1d2f338616502dcc10ed3f197fa0a87231acd384bae5e0ad7,44d75cdeb4f096e9f98182c8757b1922aa4c137114e7ad020732c7405e3d6be3
b71a3462dd1cca9cd711813b619824b0aa7bbc5ce10efb0ed57a529a11592d38,594ddad261ac18f57db801462de8f9bee975840ebf8e7998d31f0cb0f6f835d0,73c8aaa2e28db7b1ab5b02c1949becf3747d05cad48feb13593b58254f4fe147
b8edbcb6de3e07b7a34e4e033cbcbf9fd5ca3815ff30e224e5135c269e798147,5407f9bd84e5a9fd9d8ab94926f33622b932988b34318a53862932f95b16e4b7,7df977b148177d0867e5a40c3c342b8049febefbe9e3ed2f07de6e401fdc0829
ba56445edd681ba34605a5001962339fcbb8c3759b9d69f84aef1d779e302a28,c73e83e1c25f05b670a891ed0af07e3702744c6bc0f440b0a18956e3bf25509d,1aa1e059d170529f1419094c4adfa9cd2845a5b2de5da5d4534c45146d11c8fe
ba65e29187d9c84d892121854c74f29ad83201591a9776c616e98d80c6175fe4,f72ecf34ea18195c0b3082322841450b743f55ee16a2a79e2960e0fb0e237ec7,d1c99f02880ed23143503fd4fc46317a3e236d3e6968ef1fa02375e5b356cf60
bab5f4f2b36043bb9fa8c201b5744cd3eb170e406f81bafb0bd6fb1cdf24f7cb,7f764b5e7aa8edb9592d7d3a9198cfb86e415ce314f4699bb616a6ffce90c294,a34715785d6b6cfbcb454df987f7fb10c8dd015ecd859b374667c06a8a960490
bb434e684d65b324ddee2728dcc5b59cfc41cc19fd9b64c27d729374e75f00f7,569688bc632bc61bf34dd616f62a468f44c75cd87ff97f780926a9b609e1ec8c,ccd537b8d0f9240a3a4bbdf60960d01e635d64190ae13d07e39e8e8f6f1a538e
bc21ab66f9746b075a47d741387bcb1b9766492c3c924dc446598d6968bbdb6b,be53cd6b28a032daaadce80dd98d4309b798048435e876d7df303dca582ee977,c787f64de72dc7b23833a4c3267e8d2dde705943bddccc26c04838aa070b6527
bc60e94e111fc45c4b309f8dd871c835fe70e672aba917120f77de9cfd33b8db,6cafd584b5cdee74fe618cad2e456335689704f9e08e5460f2cb8f9c2ba815f1,35d9a0be0cf06555474d1c12a0a71a226d29fa355ca13c6448182a8665087b03
bca129b3a6e221644d013bc7690149310648fa80328ccf368c1d33d59fe15c52,72fcef4304ef76c985c135983f0308aef5a57c241a5362c31dffb592e33b160f,80553531215b14650b500235dd6307a3c18ad0a1c417c52edcb22d3c43e28105
bed84fe31418cb8048717ababec7b065478cea47cfed3369a101073b00fab34c,9eaf74909ff9cd5d4815e6124096aad973852aa445c2ce019091f9426115be5d,bed4d0765692bd26f7b654ebc05055a35381403556f1cbe41417578aa5a1eb16
bf268a51b37ca1f309b988ed4d2a737fe1fa1d2b9d144a1f0729e41a94710e33,0b8d1290f35c007f89d7fb301947b8c565884c64fca790d707104dd15f63a3cb,ee832397c6daba1476946d1634b07b0d70c8563aaffbcd2f67c8a8643e92164e
c044b5acb8072aae7f0397d905d63bab4054ae0a87245cca6a68babcc575007b,3c042f4ad81b6a529c27bd6201cb528d54cf6ba148563886b027eb8726b2c26b,41f252b6b7be3d8ce82b6e3bd2fe1329105cc6eb9cc9e945b6dc3efc6bbf9fd4
c1e81ef3257f51e1185ea23b08aa8e27a8bdf7306798ea674ba03fbc1fd4b67f,612a7bdd0eb16286b1bfa67611b523753e52584534e8ec31a3e067d860e1aa5f,f13275218065cbda4467b196fad2bd256a395e8e0227a392265378dfae6446ef
c1f064fc1e272e1062ffc5dcfb662cfb6f77db2f0d72a6ae8156dc2be1fbe899,4f361982945d2271730adc6cf17de301084a4c72e87d05c663e44b7b4fa55009,3c8eca8313265c10768b43c75c942fc46e439c0c1737f88861cf5d09985e48d7
c24a4aec773a0ae3babb06da7265f8171b975b70ca030b4ee542a46ed26a3d69,e1aeba3b3248540530248fcb6356661bf725e823ab5852fffab3fa2fd6ec4e88,5cc1d1110b0cfe72cfe4d7bdad160517c889d292cdc67d98a73990848d30c1f1
c2e0b99be85fc7145fc27a47a56b8b0d53e4bef505ac796e5dc86be47041ed09,9275fca42f5414eeda7f175848ac5877940346f6636e1a9777ed1b209a6877cd,1d4dbb7b9319b8c8409349ed210129c77944f8303ef0c3f4db936b2394e61244
c30c6dafbb963901936f2ee666ca55c16f97d71cff5f4a4493ff7070b6085675,1430fa6c30559ed49765eea8072162052fcca31d84a8185279ba14d07e6f2e2a,ace1de6b301169648e4f496423e2597c5207bc4573ac553dbf9b7ac37ea8a665
c37159b521361cead8ff8cc3ab63ab44f72c4d819cdab219de3fa18fb451b536,974219add4956ccf4ce0dca5905a9f7e6c60980b9fa7adf11d5e0e50c18811d3,ed90bb125f3a65cbd3bcea2125f3d5c09dffae4466de0aa6d98040ce4a4e2986
c3a1e6acbf58d96f11be20ffd3ac2ef1edfb1f42b9e0e1042db4df6345d03169,3546ee5014bdfe2c33a96d89da024dd132adf95d97e3512b28a1b7778a1533eb,b9f8b31104417b37c4583b4c0af0aa8ffacb29edc001ca5fbb75c30cf6771edf
c3e531200a368495a417375610b28979eba5a41320b15caca30c51530d3c5a58,32bc27afac14809255a86c6fa0517bfa8b712e5476dfd8ba1adaa7ae7e676a84,ce3d20167a9e0778998d741b03a37991bb84016c86e0cb01acdbdd72889aa82b
c4043bca9d850d4430fa690ab8b10727e50a0237c320b81e209fc20ba0d99b9d,58093ecf944d4227e56eff472f407430257db528a9825f13b13e34b0ec070873,eb28007ace0bd7c2f559ebecadc32f98f1709059fd8726bbfec79c68f3211968
c47674d1fcc9e7c79dde451d675567d06c318f421d6a7c29456c77cb648415f8,6fabe50bc79a4c829a617f8f1af0e646c03541f76fe544b529db802247b2e87d,212259414db794ed1f883650cf4f406a6d77df6d363888555b1c1674aaa05afa
c4fcee52b91629bbf9c52e410aeaffd1139cf6d1b9661779a4c2686ce069183b,ab771468085b748024155dd626940265e062942598c155ad81b8e89244f8c807,0254dff88dee247ce3cfa881a863720ccf91e61f8800142a6b0f4c1457ae2ef2
c62862aba537b01b6d3fc700db3e87294b50ad82d7189d70fd6669f75536aa5c,bcfd00dbbae11e2511d53f1aecc313cf15ceeeaf7bb7fd839f2e0b65452c78bd,5057f148a10043281af3ddbe3ee14e5467f341b1267cfc1f71db4fb6f78b8408
c79a1231dee7d8c371578286f82c90b60d0b70b760ffc9d3d464aa5ffb998922,ff204584e917959ae0c509c98aa7e051b960c8a76d030cfda5d44a438351bca2,eeafcc92e45242d6d1453910a0109676a8ae5628c07f6e9c2e7f749b83e4c9d9
c7d38bbe7e9548981cfc392e5ec3fa2105e119ea57773bbcccbf6824cfd7ee6c,82c272135a84f21b8046e52d109b18d53ec97df53f1e81e9bdf0c6446e25ec4f,d3859f1bde2c2aae3e13498e5004eca9d255ef24e69d2bcf1fa9f8c557f11633
c8779b1f28c234ee9d072c16c26e2ec14bd2c6154823cb440616f9b56e2727f0,f6a7a3100ba6ed854493fe704b405c6970a74a5a2edde80ddc1eacf532610b7a,5b88abf070ddb42fc47b9e407c8fcf0d503afa4675444c2e8c5780cccfafe945
ca1177b741ebb7cec3f3d8f8a01ff77650220abe195b803fc614be430588eeac,35773dbc0d3f9d2c33cd2aab47813c8c9c4682b466f71c1cfc91ed0fb910ae66,b947432d17943490bd80b3c9d6a1210d61cefe5294b95d12e50c4d1a5dd3328f
caeb8ecee1b9d83f116abbe278b528b6e164a5e5f53623137e944f4228797877,778f72fc42b0c211d44da010e95c6464b00e2d7c6d1e512fd167214c1f416d0e,28069822d5d5a43497316b98afe8ae95288305e6d98e59dae465419a7667c6c3
cb27ebda5a8f51b11868084a7a527e8ea61b5b951bc6141f637d10ab1415ceeb,7c9c8b6f1a6323f56645071a2cfde3e5b3e1ffbe8550843620978048a9a19e84,453243a8aa5762591a71d1ce6eb19358e69af6d78b6b5651b2535b16a92bbe0c
cbaeed7324a813907c0b5bff0f38cae6ec18b4ad65933ac302fc383a5d04c590,0e6be77b4b8858b24b85848fea5787652eae6768568a840802170d1d8220664b,b00c2b02b1cb62573196c4e9b8a7b75d355c3fd03931aa65bfd60acaffa39964
cbbe1721f1e64d2a5aa3a2ceee060b21b5e48bc86c972345e921e25a5b278c4a,1b1959946df1b1cbf8a9d84c5ba8a7bccc8a16d66c75fddeafca6a15ec220ab3,a7e6c1909699cbcff488f98491d34b69bb7b042bb4f55216d137617f7c7bf424
cca7caeb33959129ca52a161b0865af0356cd20973b92d152243e82c22c295ba,d88df56988ecc42dd15cd71f1073853ff6c9432173c305a9272df4749bc88ecd,cb10d07030b6f89981c6964778b13144e7e815dfcbec9db40cc1fc708350f988
cda22790c3b71c4a01a5af233fe64faa6d9c4f8a14374624abe3a786ac55dc2f,0adda227397210abad3381f5e43c97fdfffc5ea26bd1facdbd3f2414d1249d4b,e4603f15b91220dcabe115e63a771dc3dd33a7ec4c9d9a5224ef40e6703bb3b9
cdc697576d75bacc119bdaed761118035da46080525c4e98ee75388f46aec908,73602d60c7eabae037d4b6eb5d206c07139c92fcbbfea747195d7393b59db17c,e188c88437656ee4103691cc9101da90a859b03c4d6366f11597c0d2cd2ba5d1
ce698c0829a174262a1bb039987c1aed3dadaf829fb225912c70237f0ea8eaa5,0db27e81923c0ab228677d75e31554e9d2ccbd7f8a6ee7a909f880050f6e26f5,da07f9916306f09eb3a2e5187015627134fb9d6c18aaf295b0dcdb352cc217f7
ced5201865aa37fe279b9c8d121e28d7ae4920a8df5f29e947a2b7f8b44431cc,02f2520912916890acaec6bc28d3006d4c35b4f9d74a53cf34c4728dd3ca1264,c2368132ef369175b2771074f612b11948ef0575e5d818d84b401ad7091ef334
cef4efa4bac6dcceaa458742a1e7e4d99e593466d79a18c5a633d8d1c20efb41,90d967a0fdf02fd8e6d59367ccc02d2c5d127236fc93387092842c3d34849765,1e852a55266d8f7102ba8346555dba5e7b4cede587d948d10e24042bafa99995
cf09efa71931328e85204126b01b1be89fec1fef9cfcc49598303f9735991d93,3aa03e775b8d54ade4423a1e40a9c8ee211edf2eb64c52c207fd274f6dbfd497,f8e36bcc0ae593a2ddf3d2184a3c27ff81eaf383af4eee0a6368cc68d29df70f
cf4ee4772c510952616d3e8fdd0132b30332ac6252002592b08982e747c8d15f,212259414db794ed1f883650cf4f406a6d77df6d363888555b1c1674aaa05afa,398794dd346bfc76a30cce30b767ff88634d891d9fe6c206ba71a511392db9ee
cfddff754ea37b04f9bea43a67ee0cf04d50d7e4c2bf02e103e1b5013f9d74ed,f38538aacce4e28a797bb33d2987c8eba1d67928115a82d4fe463bb2bcd0702a,1bd013cf8cd1e8da19ac47c6e8be37e0d76f204ca9d3d28346c9988cfa9773d1
d1496485bdebd58f4b630e45bf68e4794ac4a01fc11e74f91ac73291b285750b,b29dcf8ce11fc6a7cdefe116e8c308ff0891d0631891632b951300a799f9d232,8ec3ed035326a6d39069797aad7442773c0e30ee07794d1c24260dddc3721141
d150d8c8e2428b41172403a0fb68aa099638eb1019414fa9e3cc0c725b5f6be4,ad802be47339969847002f3b1e463cf87abe301c2b81ea1207ff4d8f662aea74,2dd3d6c5799f673e1cfd3e521125a47993f8098d1055d3f1515e7c6643c45e87
d1db187fd490727382519d2d10dfb0108ed7896215d72c9414b0c2d40e022d50,0219a6206f8ced55061eb7bfe7f4b806082be5fc36a093b4768e40ce615b7b2a,755486080d811cddf98027f5bacd2baf663815d8f13f6d8a25e7ab71cf4d5cd5
d27f58712123ac55a4526ab5bc07bbed820f98dffd6ddc100e4ad4bb8495c076,b54db6be3e43139739595063bc73cf632d0af5fbe342fd41febd1484b2692c80,5b858cf2e6d0a552307af2eeb1f54b168aff1befd2a8b1e77335557fe4a046e2
d35cc01582427f89eb49746929f356bf2a84feb98f4c747624fb52215a66b619,4c7ce7afb0619b7ba7efa00a47b87de994314337e20835b5a8e7846aa611e781,efb1f6ca6aca977df9fd256b64050bb3023b6c4ba027ec83ff90876aa2665bb3
d3d456089b3611486e4d26529f3d75d4f3afb01a4e5d14585bd1b31c2da2fd49,59b99ce086afa27d6deb508eb282bf46cadfa45cb2794638b243c1f16190394b,fd256d1912aef6f7d828d7af9fdac4ab124a6f11858c5828e9778654ef1c152b
d3e5815d542be8cadcef5e52febcc8386aea0abe76368ac66d5d6ec40c8edc20,8ec385b7b045fbe064420b511b4cc46a4a29e5b94d3a533f070003e5e1c55eb2,d25748e4c74a41507dccc600e559df9e2223ee92c7c3859ad9e463e27f3ef750
d64b3016f38ffb349326d1795655d8a500bdce82be5e681ea2bdf598786d98e4,75ac76bcf28f8defd18f1533531ea851401ee515bbb735bece0d5db28b0cb37b,e8f1a6a0ad0467bbbe09166d6f589a67f35fc751d2f61919f76e7e464c7f07e7
d72d0fa015745cb47a5e6194029d827cb199ea2658f31e4325bcade78057b192,8ddd43cc453dd150ce19a9bff7fadbb246aec32f9ebc288f15105f4affddd870,5e5210b8b8efe37941fc7a50a97a05de359fbeca8faa8cba9cd9c75b6109653d
d78bb186834dbfaedbfed43d65770333d376cd9e59cb10dde9b39a943d75e3b2,9fb6bf10b3b967dcbcf1f596ed698e4b601bb28f2d05e38d680816ba9b57d506,b3cc97b565d1f67065cbc0c1074f43946c29943afeb1be1bdd3a296432888b78
d7f1f04f4866a8bef31de1d8e809b9d4e6f620fe54d76ca05cdcc69a6770237b,272ee32ff5d8d9ec768c367cfcf3c54ca5bc0c5fcc42c114bf1c86b1653a8684,0f1830eec8f9acac74c159e62d61bb7269656371fd043cbc86bd7595d6f91c79
d817c0c59d7a305c3fababf79ff8ecabb1ef3ca9d593b05cb68cf044558e63fb,765092d58eaac375b04ba9aecef14d0b37e025e80ba9d8f4406ff77c95d02368,81a2d6fb92045b0d42aedabe1a2fbd97c9eb20ce17c04b4f624a9db4a34f0eea
d94253fcb852b8b7c339183d852321e4de319a67e15ea3f1b182a666063ee297,2b86c465b78df515d62ffa75b2b562ac04f85da06acf6bf5326cdb9f10770973,07ed38573de25e5cc81b03c2a6fe2f287953017808e28461bb85fe6462b738b0
d9c367435cf4ac7db22210d92cc33af19e163a1a1f16ede1afb00a459675ff4b,621a19dd22afa7ec9ff2f8ab6e061644e08e95977c2046498868f882d19aefaf,c6886809ec86d948d8f73740abc456e340eb045aa53319bea4a176bfe09801e3
d9ed1d9b61b520d092e853381d5cf9930ea2da9ea8ebaf9db2f8844bbfa4e91b,2848d1217f4335f83a1f1ac1d85be4b02ef580e2985c1907e312b534c62494ba,5407f9bd84e5a9fd9d8ab94926f33622b932988b34318a53862932f95b16e4b7
d9fc77c21e2b34507b0c2ea3c49138a02ef36d0d126f2737f5f0f87e56ea42b0,423359a8d900752afce76d21adb81dd8a9167e53c6f6944a44e611c417af3b51,1adf7b6e12573449979f91e2317b931856d5b495ed7a6e97ef50b5dd4f62c2af
da7beec03fcfae31d2c1d3281b71c673b269699889ad57f44c77ba39849fc940,f8354bf5e3a44fb609288bcc15bae302583d17ceb74401518b1041dcf91c8884,d0abc830b2fe2c347b8a68c24942ea374812cf74cf730b57077508ce46118edf
dd15149a30855ef5cdf11b36f939792ef048379f19223d0ed5494d1bdf7b9b70,0bf59cca26705891157eb6ea239d0f0c6641d990ab4e907e696992a159217da0,9576ebd65c7a8e0dbbd9579717e3e79f11835812574435015fc32e47e9c29a33
dd27f9ad44c850de951410e1c84cdfc8114c1d4db2923d90b20489a2da8bc450,cbfcd35c9a76a30651334d6bb94528855bf347e1a28de046a22ab077fe5159a8,e7f4fcb72bee1700ad1868a35e4dae4b99e22d369d1c5a21059d4b76a1eb6a31
ddb6fcb7721fbd0b2d3b934c4a3c9434db96379f38736c2d392ba6f6643a3ef9,a3b344611775835706f6427e48bdf22d24f108faddff33cbe718a606aec2903c,093f78be894c8cfa6a85b6296522353822164be01b6f199fad88e248279de14d
ddf3170e815c8b6f5f1edc325e3e813fa775c610e3194ea96ec3e4226e2044bc,fe029a811793bf7b6a49e73f03e26f1ca717137dce81b4a3a87f493176cd8832,d1a57d57183beabcd2271310afab6833b81e153a30d09c25bfcea54053c643a2
dea5d25da7d7c790f4f05d6fc64543d9c54b3c29c4aad9081f915081aff2f70e,00d1589c08712c5a173fb6c850de40e32cf298121100ebbae9f86bc683b86134,182f8e2f17d8a9fa6652c0d5d3937322391893cbc438b7a5b021ba304181bbfb
df1aa75dbd95a82a34944bc0a33de16a367f1b7d7bac5b47f9bfe9788b5c4d4e,521600c5d5c3a2eb63c53bd8e1f6117a154acb23f0f7fac9d368071b3087396f,a246e90b24eba59e062656e5752d2469e8fb18c795f63c4bc6d28085c2f426b1
df1f191096415ce717400addc59638eb86ce3f9011b1c950c1ec3c14d45291fe,d334f813702149f9280c2ab6d1b693f9effe0dd78acf226914c184afdce6c274,4197e52e605a5ae382688bcebbe338f886855bf093453ba6c90e7c388bf9367b
dfc185c408d5253b42b3c3f557e466433b573d57d0b958f8a8d4d5b537948ce7,60e3d514d378c7dd2c62356d0f29c9ab4907a1994e95faae2283da18da72de49,59644066c5137d76fd57e6f0437c81dc811e857abfe5b24dccd77f2a2cbd286f
dfcba9ecdc7dcc6018709b2aa95445e6c8b596f6408e8a8409eb07f031bee463,19afe3f33aa3e450d9a9480b9fa63985b1eeac3050fc1e5e9be989cf71a8094d,0b8d1290f35c007f89d7fb301947b8c565884c64fca790d707104dd15f63a3cb
dfe0f3f4b3083fede3739cff6800d345f257103a75d780b8a79a631317cfb584,e303dbd4f540ac1581cc6bd054e8e36cd39058c5d0450ef0931b569766155d74,1f8319531e9a9dfba17c8d89ea3b28df5263ce26163894598b8d8c4d8b2bd9be
e0026f87c18c747a41d84cbc290aaf01c3af43b8db0cac461c204f0695417df5,c5749c993e4eb3023bf7e6eea01ec9f9d12fc9d654410b1223df007981bdb385,01111a614168ce1ec3550280f26eacc3cbae0f1418b8f12d92f054a75fea5757
e0600a3e9cb33a77e3274a458ac6fe2e515fb503e629846345bac92eb84a2608,1662db8203d55d6a388d904722969a141b0c2912f87f884ffedded83bf737226,11a62c485ba685571cf971fad28509dc3bc85bd0b7132fa0b8a52a9d3dd1a8f4
e0c9b4089743a582228428a55ad5714f22d763d65402307c4c4a2ab88cbc617b,3c0d649f36a5882498f076779cc281d499450bec6a60d911ec69c21191bca657,9839c4e9883f71485ccdaaf73620f6f8bad9568a32623d0ed188c3d1c0e32214
e181e70fc0e1d836522f1791b32077b12dfafcaa6f40895bdd831419d42fdd5f,88d3878a09bcf10ee2cb8e20e351e7f1d1f67603b008bdf486200dca50d87f35,6d3102d289128424d5fae2add84f8f83786a381f128c41310633b1e8d517b958
e1dbcadec8642ffe4896d9c95a45e71a2f56bb1c6251968bca1aba692300554e,506a0c92faf76d0942d2cedc86ca9455f6482ed0c3310acb3719a2638a1c7fbc,2a31a81e80e7f6906b04e901fa91600ccaa1b1bea868ac96b1b0eb5a3aad1745
e29aaa0ecee34c1c98c7ebc24a1bc087c67be0af795bec961799fa3d7d768f91,1bf83aafaf171ec55d7d62d0c190cae4517c63decdc7cbf1246362f8a1655e79,8543d5aff727d8df45ea8b3956161c89c05c2f70a48ef4732c3d22152466cf37
e2dcf1dccb1a830ac215d4666cefb73e93c9ec4940802b504b109828ea8885cb,c128f93f61d9b54065e8ac6fe70201795789497100dbbaa89683c52f94f552ed,bc09139f250cfa657a2af8a2f711b167f8a2279249d8fcf7ce222c90c5b590cf
e40c040d55d7f3bcc6b1341a375e6c20ab342a0b9248064684e139e48b37ebe4,4824d59bef47b09e40f3b40ce2d57dd6431d75594a20346f0e9fd010fc1c6777,3403b302545e126b524cb5240a15607a5e433159e657fc6eeff848f0261d84f0
e654d5062f0c6cec99313f48dcb3a00678bfeb8f1d8146cfc59bd61b01ca3011,074a3a35204d336842990b4d5acc096ef0405082dde1321f7aca63438fab7679,bc545ee91d66383d6daa591b657427ddbd58491e6261c3342aa774178e06f908
e67bc7c96fca84f4ed3711b2327ea37cc8e7af5854a9dda3784e942396fe3a46,f3f32f8445e8fc06e3e07dfd8e90db9b96ece24bab035f4981240a3399527c48,b22f556f265ae16a19ba5158723ecf79e989bdd436f8866d7e882b93f410e991
e7abcaa921222fd4096591497aed38c0b65338df8e544fde81b9648a9c51ae88,a1c86f54e3f6196b18f485f2cbdd8e33186daeb8ec27d1021729ac51dddde4fe,778941e5be70d330aafafb72b755b43da0d2fd6a2d0fcac1d35a6c4faffc9c3e
e8042c46c2a244855ac581d23a53e29a8f02d2d1eed91846fc4dd324623b652f,3ad1b8941b347179b601070f8fcfb60b5397c2cb55653becf5d7b23c24535e1b,b3cf7e91bd66c69d7159b98bd225e313c8870d45fecf35cb8fdcc013dc14531a
e857f6534e1d14a2258168093c0b79ea56b4e0e22e364d76104b2107231f6031,f7bbdfeadc40f142b0786f9af12572f51f2e1e6e56eaebb16b80176736e2f71c,7f764b5e7aa8edb9592d7d3a9198cfb86e415ce314f4699bb616a6ffce90c294
ea658dc09eb81f119992ea6ab61cb28957e6f8fa41ab3f22ec0c70904f201052,245ccc05efbf624368aa07953ce37cd08a04e5c989cda415666b309787858e43,6f73a879831dadf356df35e9e65252dca6c07b5cd63c3ad6e8b89cfc9d67c56b
eabda4c115a1662716e5029aba2fddc81925cac1c7ad4e58489af2c9fa36f162,4c7291ade0b74b6b18767f82d88ebd4a5db7ea0aa21b5356c2954148b479d881,b175e23777947bc3fe5d51152af16398cea2f2b5af514db52391b05bc6f8853c
eb88e992e15aa57fd95557d083657e85c6d2a8b70e7cc7b075e9248b02e3a109,1bf9f38f15ddb860b0f1109c3b7a9b9c0be6680786cd81d3103abe502aac6303,d68b5129fa64a2ee86ea2f1bb5c540c97a12691d421a19fd1a7152ed8890f874
ebf0d4403083092d100402d7e39c514efd9f9a85e969083f0df0343d62133551,bc5bc11b79b084c6741398331636aa6772c191dba514d3e7a1b84765f71c5628,95a5f8b710fdc7c9f417253c06015f53f0324c0d12946d0bd2f834cd361c5afd
ec2d568c493fd73550c413a39c0abdc909c33f793f13cbf098c6a9c6956e198d,e1dcf6ce7f29dc06c028f6927adcc5bea1658cae07ad629896b08ea04f74de54,9abdf1361c7e6b55bacc6de0f72b7e1d0493b14423b0c6beab0a608d421a08ea
eca736ef645dad739e2faeeb0083295ff266591b1b7d471dd37cfdc32d5e5f8f,1bd013cf8cd1e8da19ac47c6e8be37e0d76f204ca9d3d28346c9988cfa9773d1,97f2cb04b98aabaf7e469ba8b502834ab10cbc3068c765c379d40bd766946d45
ece1c9b5ec865541bc7ce22f86ba5a90683df2f85a8f609ce7befd22b705238d,9937a0dbba99e902ade760121b7974a72d63510a8cfe394b219406355f2bb9a3,73af0546de8c4fca2093892101cc4affe1417ee4e191f62556f980de5c573402
ed359d7d63202dae9346f589e7fcb769c0752a695e03bebff03f8d0204cf1251,f4ea92d2324a2f39e11de84accc78a0ddffe17b749b2692c666aa2d06d856763,420d0e91f1a155c67d6e46aca3f5f449d9184c68c12298bda2a8ed43625c6fbf
f1666b6253433847dd4c1fc44ddfb3655e6250f5382e83c52459ef38147b9638,f021c5634b4afadaffe3eec33cf7d10ff4a9f12a1fe0f21575961872467981b4,f3c5854c4a88954648b875a1e798f98c2ea05f6b4a829dc34623f64b2c4824ea
f1fcd9dd56073138496ad8a580bb35c1bd62c87edb5afd22ea989173cd9289de,27b248480f3327b581e4f23f8a4f62ee3ee24bc3d484f306f2fee8eb9242ca5c,cdea6419986a40e963dc4d105964ddf6240177a15702cb55556f5178f931ff6e
f3a0266c34f9da88e9eb87693190caca24ab8c4b284c9b6ef31bfe7b7acbd1f7,f4d13f4fe9121d343997b9eaee98983cb24d7370d3206bbbeabae5e4d8bbe6f5,649ec75bf28b59797b1f0e2be36dccc6f9c1e3df6ba027a4e4b2867f776beee1
f3a8d518e0022f0e6b00af2d870712a7cdfef6237fa2eab3dca7c9db8bf8045f,6bf63e6f07b85d0b27340cb8e6fa3d6c50b019c879738bbb5371f20d2145a874,843cd1fbf2aabad43f1e6dc41780bdbc20fd93ddc00b67aff7eb41cc665fb7c0
f434ec5ba7c9bc4de29d8a04d66783e700d962954065f9adeb414ae3cb2eaadb,843cd1fbf2aabad43f1e6dc41780bdbc20fd93ddc00b67aff7eb41cc665fb7c0,a564b89b6c5d20ac673330afe42a9f844670c86fa3927af160e3c45cc7d6e77d
f580ff497e65631ea7ac4fbe1f6118c1bd52a36ef0b8aaf6b6cb3d4576cc99d7,91fbc61bec12265e4cb135a84c4263424015512fbfe7515d27865278b76919f8,d352164ac2b7216fcc3c7ad2d64f515ffc9a09223c1557e7d16991b20a1eb756
f6d63a6b6ab858c9689ce4eb95ff3087ff3264591a107be15aaa1ddb44b01eb8,49b22eb7524ce704800ee713ca6a4d6c52b5fd7bcbe1eebf95fa87086ca562f7,f4ea92d2324a2f39e11de84accc78a0ddffe17b749b2692c666aa2d06d856763
f82b3916b6a09d1023eb0810e855bdfe26dbdc00dd8ffa7220d5ebf2ff195334,aa749683ec02e7a3f4d1f0d10938312ee6c529ceefa00ea36a35baa689152bf7,8536b03029ed96961c4771a16033aa8ec8eca6ef790081c32e840bc236a08a76
f983cdc339365a699b2896bb56a6b3bfd17c3bf6c888b7986acea2409bf71265,bcf63e19fee14958e13aaeaef695d95aae4ce637ede3dd1eb92cf53cbffe970e,dd33187788dedb06419f1afcc977691ec1b6f3646edb8762ca5bd4d192027e76
fa18f20d78e3146f149a202b3b251b871ca1c6d5cf8afd31a005e0ad9e426a8c,9dc762da589a1a979f845f35a923425f992a2953d8e9455e913479249942d8d7,429087e2c6b4f421b6f1dbf584adad98a515cb931484cb95b18b155fbd56383b
fa3b6f24b33baba20f07e857720a03cc3189aaac9d76a988cd50e749413518ad,1bdf234668ee3a27014acb7cd408c5d9013cc8651d758982275aad94666c92e1,6e0109248d4c9e17556d6c34d1d5612f3edd2977674d9bb42d3c878c99e7d173
fab65fbcc970d58b3fb5a204a2b1170f79209088f8d94b2b18bf3fbfe856313b,fb5954df328cea5f225b73d364a03a69a57bfd39724387d2eef2c2c387c7047c,b909af9a3a280c6a78918615842937e3c3faea249496ba05dfb1fd2848976bce
fb135025d634e51264a91b9d65776516e63d09058a4f4208ede31398a7ae9c1b,e1265b5c3adac4335626e68f9fa172ccc238bcd1cadd82597d310a1433c1f0f5,c3b4c660479adbd7885b6a3d0d9866f1e05216f4e2651101af4cdb6dec88950e
fb16028acd76d2899e73533dbc0082774036fa9538852327e2c58ef8a885c88c,654c2ec12eb6f06724d6b01e73f1996d4c795bf9002287dd857ef60368e67764,800b7e4b6a6513451eeed59a78dc6147960786b718a61988cdcef958be2b2be7
fd4ff23ce33f5e4225a7ce004cec64503b1cefe7b6964517f17ce14a47b0f894,c6886809ec86d948d8f73740abc456e340eb045aa53319bea4a176bfe09801e3,f38538aacce4e28a797bb33d2987c8eba1d67928115a82d4fe463bb2bcd0702a
fe3544a3934a5d7bab5fc87f8baa53d5134dc9b2aafc811fa1e865358a68683b,dd434214eb2c8a8a1307398104b422c96fc59bbb8e2322df416c39c014021124,e8f466aab531760ccb99b79b4c442c45804ea1e285cfb90ee0e8a86d716426d1
fe67db42f0ba158284397fdf59d4b603588d9ebde65650bb00ad9aca30d4efb5,34dc89c2b4a5479290ce3b5455d986e2b89c4cc92e8b898911e887a09755e969,22e92e3d0b43b9579b24b434fb42a5f861534526756c9c86f52847f42cd3040d
fff94eabfd3f6d58ce2cf6e20baa9f9c6f0f4652efbf47b9653f8ddb3ab3edad,e8238b87529529d712f026cbfcd3d3086d7f05b1dccb87b6ecc404bc95e29f61,b0085206807a6abbd20b9214fe16d0c567f52981fe8493839f0dc4565c38d89c
